ts,precio,direccion,ganancia_%_lograda
2024-09-13 02:00:00+00:00,0.5579,LARGO,6.9
2024-09-14 21:00:00+00:00,0.5965,CORTO,6.0
2024-09-16 02:00:00+00:00,0.5608,LARGO,5.3
2024-09-26 00:00:00+00:00,0.5774,LARGO,8.1
2024-09-29 15:00:00+00:00,0.6595,CORTO,12.0
2024-11-03 18:00:00+00:00,0.4948,LARGO,8.4
2024-11-10 13:00:00+00:00,0.6107,CORTO,5.9
2024-11-11 05:00:00+00:00,0.5744,LARGO,27.8
2024-11-12 08:00:00+00:00,0.6856,CORTO,7.8
2024-11-12 10:00:00+00:00,0.6321,LARGO,30.9
2024-11-12 21:00:00+00:00,0.7232,CORTO,10.6
2024-11-13 05:00:00+00:00,0.6468,LARGO,51.9
2024-11-13 16:00:00+00:00,0.734,CORTO,7.2
2024-11-13 19:00:00+00:00,0.6812,LARGO,75.3
2024-11-14 21:00:00+00:00,0.8253,CORTO,6.3
2024-11-14 23:00:00+00:00,0.7736,LARGO,54.4
2024-11-15 02:00:00+00:00,0.8277,CORTO,5.1
2024-11-15 07:00:00+00:00,0.7858,LARGO,52.0
2024-11-15 15:00:00+00:00,0.8659,LARGO,37.9
2024-11-16 14:00:00+00:00,1.1942,CORTO,15.9
2024-11-16 15:00:00+00:00,1.1096,LARGO,6.9
2024-11-16 19:00:00+00:00,1.1862,CORTO,15.3
2024-11-17 05:00:00+00:00,1.0043,LARGO,16.5
2024-11-17 11:00:00+00:00,1.0366,LARGO,12.9
2024-11-17 13:00:00+00:00,1.126,CORTO,8.1
2024-11-17 19:00:00+00:00,1.0352,LARGO,13.0
2024-11-18 07:00:00+00:00,1.1701,CORTO,8.0
2024-11-18 15:00:00+00:00,1.1665,CORTO,7.7
2024-11-18 19:00:00+00:00,1.0895,LARGO,10.8
2024-11-19 00:00:00+00:00,1.1414,CORTO,5.7
2024-11-19 13:00:00+00:00,1.0765,LARGO,37.3
2024-11-20 17:00:00+00:00,1.0803,LARGO,47.2
2024-11-23 01:00:00+00:00,1.5903,CORTO,17.8
2024-11-24 15:00:00+00:00,1.3077,LARGO,16.1
2024-11-24 22:00:00+00:00,1.443,CORTO,8.0
2024-11-25 01:00:00+00:00,1.3789,LARGO,10.1
2024-11-25 08:00:00+00:00,1.5183,CORTO,12.6
2024-11-25 14:00:00+00:00,1.3869,LARGO,7.9
2024-11-25 19:00:00+00:00,1.475,CORTO,10.0
2024-11-26 12:00:00+00:00,1.3271,LARGO,25.3
2024-11-28 15:00:00+00:00,1.4343,LARGO,36.0
2024-11-30 13:00:00+00:00,1.8311,LARGO,55.6
2024-12-01 05:00:00+00:00,1.8584,LARGO,53.4
2024-12-02 05:00:00+00:00,2.4602,CORTO,9.2
2024-12-02 10:00:00+00:00,2.2492,LARGO,26.7
2024-12-02 16:00:00+00:00,2.7389,CORTO,18.4
2024-12-02 17:00:00+00:00,2.6249,LARGO,8.6
2024-12-03 03:00:00+00:00,2.7724,CORTO,19.4
2024-12-03 10:00:00+00:00,2.5782,LARGO,10.5
2024-12-03 11:00:00+00:00,2.8499,CORTO,21.6
2024-12-03 13:00:00+00:00,2.4352,LARGO,9.0
2024-12-03 21:00:00+00:00,2.6243,CORTO,14.9
2024-12-03 23:00:00+00:00,2.5102,LARGO,5.7
2024-12-04 10:00:00+00:00,2.6544,CORTO,15.8
2024-12-05 01:00:00+00:00,2.2345,LARGO,16.8
2024-12-05 03:00:00+00:00,2.2552,LARGO,15.7
2024-12-05 08:00:00+00:00,2.4377,CORTO,7.9
2024-12-05 23:00:00+00:00,2.2446,LARGO,16.3
2024-12-06 12:00:00+00:00,2.2646,LARGO,15.2
2024-12-07 23:00:00+00:00,2.6099,CORTO,26.0
2024-12-10 02:00:00+00:00,2.1325,LARGO,15.3
2024-12-10 10:00:00+00:00,2.2411,CORTO,13.8
2024-12-10 17:00:00+00:00,1.9322,LARGO,27.3
2024-12-10 23:00:00+00:00,2.3709,CORTO,5.7
2024-12-11 01:00:00+00:00,2.2369,LARGO,9.9
2024-12-12 04:00:00+00:00,2.4594,CORTO,6.3
2024-12-13 06:00:00+00:00,2.3049,LARGO,9.1
2024-12-14 05:00:00+00:00,2.5151,CORTO,6.5
2024-12-16 11:00:00+00:00,2.3504,LARGO,15.5
2024-12-17 12:00:00+00:00,2.7139,CORTO,27.5
2024-12-19 01:00:00+00:00,2.2767,LARGO,6.0
2024-12-19 10:00:00+00:00,2.4142,CORTO,18.5
2024-12-19 20:00:00+00:00,2.229,LARGO,5.8
2024-12-20 02:00:00+00:00,2.335,CORTO,15.7
2024-12-20 11:00:00+00:00,1.9678,LARGO,19.9
2024-12-21 06:00:00+00:00,2.3589,CORTO,9.1
2024-12-23 15:00:00+00:00,2.1432,LARGO,9.3
2024-12-24 17:00:00+00:00,2.3432,CORTO,8.6
2024-12-30 14:00:00+00:00,2.0087,LARGO,20.7
2024-12-31 04:00:00+00:00,2.0179,LARGO,22.3
2025-01-04 02:00:00+00:00,2.4838,CORTO,5.7
2025-01-07 10:00:00+00:00,2.4565,CORTO,9.0
2025-01-08 06:00:00+00:00,2.2614,LARGO,5.6
2025-01-08 22:00:00+00:00,2.3886,CORTO,6.4
2025-01-09 13:00:00+00:00,2.2361,LARGO,15.9
2025-01-11 20:00:00+00:00,2.5927,CORTO,9.8
2025-01-13 11:00:00+00:00,2.3389,LARGO,36.7
2025-01-16 00:00:00+00:00,3.0016,LARGO,12.6
2025-01-16 16:00:00+00:00,3.3805,CORTO,9.7
2025-01-18 05:00:00+00:00,3.0942,LARGO,8.4
2025-01-19 01:00:00+00:00,3.2799,CORTO,10.7
2025-01-19 11:00:00+00:00,3.054,LARGO,9.8
2025-01-19 19:00:00+00:00,3.2242,CORTO,9.1
2025-01-20 00:00:00+00:00,2.9299,LARGO,14.5
2025-01-20 14:00:00+00:00,3.3538,CORTO,9.4
2025-01-21 05:00:00+00:00,3.0382,LARGO,6.5
2025-01-22 11:00:00+00:00,3.2348,CORTO,5.6
2025-01-24 11:00:00+00:00,3.1975,CORTO,13.6
2025-01-27 10:00:00+00:00,2.762,LARGO,15.3
2025-01-28 15:00:00+00:00,3.1857,CORTO,5.3
2025-02-02 18:00:00+00:00,2.5384,LARGO,8.5
2025-02-02 19:00:00+00:00,2.6687,CORTO,21.4
2025-02-03 01:00:00+00:00,2.0976,LARGO,31.3
2025-02-03 03:00:00+00:00,2.2589,CORTO,5.3
2025-02-03 04:00:00+00:00,2.1389,LARGO,28.8
2025-02-04 01:00:00+00:00,2.7543,CORTO,16.7
2025-02-04 07:00:00+00:00,2.486,LARGO,7.0
2025-02-04 14:00:00+00:00,2.6591,CORTO,13.9
2025-02-05 11:00:00+00:00,2.5496,CORTO,10.2
2025-02-05 18:00:00+00:00,2.3671,LARGO,7.0
2025-02-06 06:00:00+00:00,2.4646,CORTO,7.1
2025-02-07 07:00:00+00:00,2.2889,LARGO,10.6
2025-02-07 14:00:00+00:00,2.5325,CORTO,7.8
2025-02-07 20:00:00+00:00,2.3579,LARGO,6.2
2025-02-09 03:00:00+00:00,2.5038,CORTO,6.7
2025-02-09 21:00:00+00:00,2.3356,LARGO,8.0
2025-02-11 06:00:00+00:00,2.5224,CORTO,5.3
2025-02-11 19:00:00+00:00,2.3875,LARGO,16.8
2025-02-15 02:00:00+00:00,2.8237,CORTO,7.3
2025-02-18 16:00:00+00:00,2.4909,LARGO,9.9
2025-02-19 23:00:00+00:00,2.7378,CORTO,7.7
2025-02-25 10:00:00+00:00,2.1297,LARGO,9.5
2025-02-25 12:00:00+00:00,2.2732,CORTO,12.0
2025-02-25 14:00:00+00:00,2.1744,LARGO,7.3
2025-02-25 22:00:00+00:00,2.3329,CORTO,14.3
2025-02-27 10:00:00+00:00,2.2565,CORTO,11.4
2025-02-28 07:00:00+00:00,2.0003,LARGO,47.0
2025-03-02 23:00:00+00:00,2.9396,CORTO,22.3
2025-03-03 13:00:00+00:00,2.6934,CORTO,15.2
2025-03-04 01:00:00+00:00,2.2827,LARGO,15.3
2025-03-06 10:00:00+00:00,2.6313,CORTO,14.5
2025-03-07 00:00:00+00:00,2.4086,LARGO,5.5
2025-03-07 10:00:00+00:00,2.5411,CORTO,17.2
2025-03-09 17:00:00+00:00,2.1048,LARGO,7.0
2025-03-10 11:00:00+00:00,2.2138,CORTO,11.7
2025-03-11 00:00:00+00:00,1.9545,LARGO,18.7
2025-03-13 20:00:00+00:00,2.2213,LARGO,11.0
2025-03-15 04:00:00+00:00,2.4652,CORTO,7.7
2025-03-16 13:00:00+00:00,2.2754,LARGO,10.9
2025-03-17 18:00:00+00:00,2.3738,CORTO,6.1
2025-03-18 17:00:00+00:00,2.2293,LARGO,14.6
2025-03-19 15:00:00+00:00,2.5548,CORTO,7.3
2025-03-24 18:00:00+00:00,2.4742,CORTO,6.2
2025-03-29 10:00:00+00:00,2.0722,LARGO,6.0
2025-03-30 08:00:00+00:00,2.1965,CORTO,6.9
2025-03-31 09:00:00+00:00,2.0442,LARGO,7.0
2025-04-01 09:00:00+00:00,2.1863,CORTO,10.0
2025-04-02 15:00:00+00:00,2.1727,CORTO,9.4
2025-04-03 14:00:00+00:00,1.9687,LARGO,9.7
2025-04-05 11:00:00+00:00,2.1605,CORTO,23.4
2025-04-07 06:00:00+00:00,1.6548,LARGO,25.6
2025-04-08 11:00:00+00:00,1.9596,CORTO,10.8
2025-04-09 03:00:00+00:00,1.7476,LARGO,18.9
2025-04-09 21:00:00+00:00,2.0784,CORTO,7.0
2025-04-10 15:00:00+00:00,1.9338,LARGO,15.3
2025-04-13 09:00:00+00:00,2.2299,CORTO,8.0
2025-04-20 11:00:00+00:00,2.0432,LARGO,12.1
2025-04-23 08:00:00+00:00,2.2914,CORTO,6.9
2025-04-28 07:00:00+00:00,2.3355,CORTO,8.9
2025-04-30 13:00:00+00:00,2.1274,LARGO,5.5
2025-05-06 13:00:00+00:00,2.0854,LARGO,15.3
2025-05-10 23:00:00+00:00,2.4711,CORTO,5.0
2025-05-11 13:00:00+00:00,2.3467,LARGO,12.0
2025-05-12 13:00:00+00:00,2.6037,CORTO,6.7
2025-05-13 03:00:00+00:00,2.43,LARGO,8.2
2025-05-14 09:00:00+00:00,2.6282,CORTO,11.4
2025-05-17 16:00:00+00:00,2.3156,LARGO,5.3
2025-05-18 15:00:00+00:00,2.4378,CORTO,6.3
2025-05-19 06:00:00+00:00,2.2851,LARGO,5.9
2025-05-23 03:00:00+00:00,2.4734,CORTO,7.7
2025-05-31 02:00:00+00:00,2.1012,LARGO,5.6
2025-06-03 19:00:00+00:00,2.2814,CORTO,9.7
2025-06-05 20:00:00+00:00,2.0601,LARGO,11.1
2025-06-11 14:00:00+00:00,2.3273,CORTO,9.7
2025-06-16 19:00:00+00:00,2.3357,CORTO,8.8
2025-06-22 15:00:00+00:00,1.9343,LARGO,15.0
2025-06-25 13:00:00+00:00,2.2237,CORTO,6.8
2025-06-27 14:00:00+00:00,2.0719,LARGO,6.8
2025-06-30 19:00:00+00:00,2.3197,CORTO,7.0
2025-07-01 19:00:00+00:00,2.1574,LARGO,6.7
2025-07-05 18:00:00+00:00,2.2045,LARGO,6.3
2025-07-11 19:00:00+00:00,2.858,CORTO,6.2
2025-07-11 22:00:00+00:00,2.7014,LARGO,11.5
2025-07-12 10:00:00+00:00,2.8367,CORTO,5.5
2025-07-12 15:00:00+00:00,2.6812,LARGO,12.3
2025-07-14 14:00:00+00:00,3.0118,CORTO,5.4
2025-07-15 03:00:00+00:00,2.8497,LARGO,28.2
2025-07-18 00:00:00+00:00,3.6535,CORTO,8.0
2025-07-19 14:00:00+00:00,3.3608,LARGO,8.3
2025-07-21 14:00:00+00:00,3.64,CORTO,17.2
2025-07-24 06:00:00+00:00,3.0126,LARGO,7.6
2025-07-24 14:00:00+00:00,3.243,CORTO,7.3
2025-07-25 14:00:00+00:00,3.0057,LARGO,10.4
2025-07-28 05:00:00+00:00,3.3192,CORTO,8.1
2025-08-01 14:00:00+00:00,3.0531,CORTO,9.6
2025-08-02 18:00:00+00:00,2.7605,LARGO,11.9
2025-08-05 00:00:00+00:00,3.0903,CORTO,5.8
2025-08-06 04:00:00+00:00,2.9112,LARGO,16.0
2025-08-08 03:00:00+00:00,3.3762,CORTO,6.3
2025-08-11 08:00:00+00:00,3.2993,CORTO,5.2
2025-08-12 09:00:00+00:00,3.1281,LARGO,7.1
2025-08-14 02:00:00+00:00,3.3489,CORTO,9.6
2025-08-18 19:00:00+00:00,3.0822,CORTO,7.9
2025-08-20 13:00:00+00:00,2.8388,LARGO,8.9
2025-08-20 19:00:00+00:00,2.989,CORTO,6.1
2025-08-22 11:00:00+00:00,2.8056,LARGO,10.8
2025-08-24 18:00:00+00:00,3.1099,CORTO,9.1
2025-08-25 20:00:00+00:00,2.8258,LARGO,8.3
2025-08-26 19:00:00+00:00,3.0607,CORTO,8.2
2025-09-01 04:00:00+00:00,2.7189,LARGO,5.7
2025-09-13 09:00:00+00:00,3.1799,CORTO,6.9
2025-09-18 11:00:00+00:00,3.1368,CORTO,5.4
2025-09-22 09:00:00+00:00,2.8007,LARGO,6.3
2025-09-24 19:00:00+00:00,2.9773,CORTO,9.1
2025-09-26 14:00:00+00:00,2.7077,LARGO,7.4
2025-10-05 07:00:00+00:00,3.0633,CORTO,7.1
2025-10-10 21:00:00+00:00,2.3251,LARGO,13.7
2025-10-11 08:00:00+00:00,2.4849,CORTO,6.4
2025-10-12 02:00:00+00:00,2.3263,LARGO,13.7
2025-10-13 20:00:00+00:00,2.644,CORTO,13.2
2025-10-15 08:00:00+00:00,2.5185,CORTO,12.0
2025-10-17 08:00:00+00:00,2.2157,LARGO,11.6
2025-10-20 20:00:00+00:00,2.5323,CORTO,7.7
2025-10-21 15:00:00+00:00,2.5223,CORTO,7.4
2025-10-22 22:00:00+00:00,2.3367,LARGO,13.1
2025-10-27 17:00:00+00:00,2.6914,CORTO,8.9
2025-10-30 19:00:00+00:00,2.3853,LARGO,6.6
2025-10-31 19:00:00+00:00,2.5438,CORTO,8.6
2025-11-04 21:00:00+00:00,2.156,LARGO,10.7
2025-11-06 02:00:00+00:00,2.3865,CORTO,9.1
2025-11-07 12:00:00+00:00,2.1687,LARGO,17.2
2025-11-09 03:00:00+00:00,2.2539,LARGO,13.7
2025-11-10 20:00:00+00:00,2.5638,CORTO,10.3
2025-11-12 16:00:00+00:00,2.3379,LARGO,7.1
2025-11-13 14:00:00+00:00,2.5029,CORTO,11.7
2025-11-17 09:00:00+00:00,2.2739,CORTO,10.4
2025-11-18 18:00:00+00:00,2.2298,CORTO,15.9
2025-11-19 19:00:00+00:00,2.0369,LARGO,5.3
2025-11-20 04:00:00+00:00,2.1458,CORTO,12.6
2025-11-21 11:00:00+00:00,1.8758,LARGO,11.5
2025-11-22 13:00:00+00:00,1.8973,LARGO,19.1
2025-11-28 15:00:00+00:00,2.2453,CORTO,10.6
2025-12-01 16:00:00+00:00,1.9911,LARGO,10.9
2025-12-03 21:00:00+00:00,2.2084,CORTO,8.6
2025-12-07 14:00:00+00:00,1.9991,LARGO,8.3
2025-12-09 16:00:00+00:00,2.165,CORTO,8.6
2025-12-16 02:00:00+00:00,1.8691,LARGO,5.1
2025-12-17 14:00:00+00:00,1.9635,CORTO,9.2
2025-12-18 05:00:00+00:00,1.8318,LARGO,6.4
2025-12-18 15:00:00+00:00,1.9197,CORTO,7.1
2025-12-19 01:00:00+00:00,1.7825,LARGO,9.4
2025-12-31 19:00:00+00:00,1.8287,LARGO,12.0
2026-01-06 02:00:00+00:00,2.393,CORTO,13.0
2026-01-06 23:00:00+00:00,2.3042,CORTO,9.7
2026-01-12 10:00:00+00:00,2.0365,LARGO,7.2
2026-01-14 03:00:00+00:00,2.1838,CORTO,6.9
2026-01-21 16:00:00+00:00,1.8791,LARGO,5.1
2026-01-25 19:00:00+00:00,1.8182,LARGO,6.8
2026-01-28 11:00:00+00:00,1.9415,CORTO,12.7
2026-01-31 17:00:00+00:00,1.5679,LARGO,6.6
2026-02-01 02:00:00+00:00,1.6706,CORTO,8.3
2026-02-02 05:00:00+00:00,1.5497,LARGO,6.2
2026-02-02 12:00:00+00:00,1.646,CORTO,17.1
2026-02-03 18:00:00+00:00,1.5314,LARGO,5.7
2026-02-03 20:00:00+00:00,1.6185,CORTO,28.2
2026-02-05 21:00:00+00:00,1.1625,LARGO,30.2
2026-02-06 15:00:00+00:00,1.5131,CORTO,8.6
2026-02-08 13:00:00+00:00,1.4619,CORTO,7.0
2026-02-09 10:00:00+00:00,1.3831,LARGO,5.1
2026-02-09 20:00:00+00:00,1.4543,CORTO,7.5
2026-02-11 16:00:00+00:00,1.3451,LARGO,9.6
2026-02-15 07:00:00+00:00,1.6497,CORTO,13.0
2026-02-20 13:00:00+00:00,1.3841,LARGO,5.1
2026-02-21 14:00:00+00:00,1.4553,CORTO,8.8
2026-02-23 01:00:00+00:00,1.3326,LARGO,10.8
2026-02-23 12:00:00+00:00,1.4129,CORTO,6.1
2026-02-24 07:00:00+00:00,1.3266,LARGO,11.3
2026-02-25 21:00:00+00:00,1.476,CORTO,13.4
2026-02-28 09:00:00+00:00,1.2779,LARGO,11.5
2026-03-01 02:00:00+00:00,1.4249,CORTO,6.0
2026-03-02 13:00:00+00:00,1.3395,LARGO,9.2
2026-03-03 14:00:00+00:00,1.3468,LARGO,8.6
2026-03-04 15:00:00+00:00,1.4629,CORTO,7.7
2026-03-08 16:00:00+00:00,1.3396,LARGO,7.1
2026-03-12 14:00:00+00:00,1.3693,LARGO,5.4
2026-03-17 02:00:00+00:00,1.5941,CORTO,10.5
2026-03-23 08:00:00+00:00,1.3686,LARGO,6.3
2026-03-23 14:00:00+00:00,1.4554,CORTO,6.0
2026-04-01 06:00:00+00:00,1.3624,CORTO,5.4
2026-04-05 12:00:00+00:00,1.2825,LARGO,8.0
2026-04-07 14:00:00+00:00,1.2966,LARGO,6.8
2026-04-12 14:00:00+00:00,1.3224,LARGO,5.3
2026-04-17 14:00:00+00:00,1.4988,CORTO,7.0
2026-05-08 06:00:00+00:00,1.3817,LARGO,8.9
2026-05-10 17:00:00+00:00,1.5045,CORTO,6.1
2026-05-13 15:00:00+00:00,1.4131,LARGO,8.7
2026-05-14 18:00:00+00:00,1.5362,CORTO,8.7
2026-05-28 03:00:00+00:00,1.279,LARGO,6.4
2026-05-30 02:00:00+00:00,1.3603,CORTO,5.9
2026-06-04 03:00:00+00:00,1.209,CORTO,12.5
2026-06-06 04:00:00+00:00,1.0582,LARGO,11.6
2026-06-08 21:00:00+00:00,1.1808,CORTO,7.5
2026-06-10 21:00:00+00:00,1.0927,LARGO,5.9
2026-06-15 17:00:00+00:00,1.282,CORTO,11.2
2026-06-26 02:00:00+00:00,1.0146,LARGO,6.0
2026-06-30 12:00:00+00:00,1.0278,LARGO,8.0
2026-07-04 17:00:00+00:00,1.1814,CORTO,5.6
2026-07-11 18:00:00+00:00,1.1171,CORTO,5.2
2026-07-13 22:00:00+00:00,1.0587,LARGO,6.4
2026-07-21 18:00:00+00:00,1.158,CORTO,6.1
2026-08-18 02:00:00+00:00,0.9907,LARGO,32.7
2026-08-20 16:00:00+00:00,1.315,CORTO,6.5
2026-08-20 18:00:00+00:00,1.2294,LARGO,35.3
2026-08-21 11:00:00+00:00,1.3573,LARGO,22.5
2026-08-22 04:00:00+00:00,1.6628,CORTO,13.5
2026-08-22 15:00:00+00:00,1.4391,LARGO,6.0
2026-08-23 00:00:00+00:00,1.5137,CORTO,5.3
2026-08-23 06:00:00+00:00,1.4445,LARGO,5.6
2026-08-23 21:00:00+00:00,1.5257,CORTO,10.1
2026-08-25 02:00:00+00:00,1.5218,CORTO,9.9
2026-08-26 14:00:00+00:00,1.3714,LARGO,6.9
2026-08-27 15:00:00+00:00,1.4659,CORTO,6.4
2026-09-02 12:00:00+00:00,1.3181,LARGO,11.6
2026-09-03 19:00:00+00:00,1.4714,CORTO,5.6
2026-09-09 07:00:00+00:00,1.4412,CORTO,7.8
2026-09-11 11:00:00+00:00,1.3289,LARGO,6.5
