sl_%,tp_%,ratio_riesgo_beneficio,win_rate_equilibrio_%,trades,win_rate_%,margen_sobre_equilibrio_pp,ganancia_neta_cop,ganancia_neta_%
1.0,1.0,1.0,50.0,86,60.5,10.5,41442,0.41
1.0,1.5,0.67,40.0,84,47.6,7.6,32450,0.32
1.0,2.0,0.5,33.3,83,39.8,6.4,32950,0.33
1.0,2.5,0.4,28.6,83,32.5,4.0,10455,0.1
1.0,3.0,0.33,25.0,83,25.3,0.3,-42025,-0.42
1.0,3.5,0.29,22.2,83,19.3,-2.9,-101990,-1.02
1.0,4.0,0.25,20.0,83,18.1,-1.9,-87002,-0.87
1.0,4.5,0.22,18.2,83,15.7,-2.5,-104485,-1.04
1.0,5.0,0.2,16.7,83,13.3,-3.4,-131975,-1.32
1.5,1.0,1.5,60.0,83,69.9,9.9,55440,0.55
1.5,1.5,1.0,50.0,80,60.0,10.0,74436,0.74
1.5,2.0,0.75,42.9,79,46.8,4.0,9970,0.1
1.5,2.5,0.6,37.5,79,40.5,3.0,2468,0.02
1.5,3.0,0.5,33.3,79,32.9,-0.4,-52511,-0.53
1.5,3.5,0.43,30.0,79,27.8,-2.2,-87488,-0.87
1.5,4.0,0.38,27.3,79,25.3,-2.0,-87492,-0.87
1.5,4.5,0.33,25.0,79,21.5,-3.5,-127462,-1.27
1.5,5.0,0.3,23.1,79,19.0,-4.1,-149955,-1.5
2.0,1.0,2.0,66.7,83,73.5,6.8,37952,0.38
2.0,1.5,1.33,57.1,80,68.8,11.6,116921,1.17
2.0,2.0,1.0,50.0,79,53.2,3.2,4980,0.05
2.0,2.5,0.8,44.4,79,46.8,2.4,-2522,-0.03
2.0,3.0,0.67,40.0,79,39.2,-0.8,-60000,-0.6
2.0,3.5,0.57,36.4,79,32.9,-3.5,-119962,-1.2
2.0,4.0,0.5,33.3,79,30.4,-3.0,-114970,-1.15
2.0,4.5,0.44,30.8,79,26.6,-4.2,-152440,-1.52
2.0,5.0,0.4,28.6,79,24.1,-4.5,-169935,-1.7
2.5,1.0,2.5,71.4,83,74.7,3.3,475,0.0
2.5,1.5,1.67,62.5,80,71.2,8.8,94419,0.94
2.5,2.0,1.25,55.6,79,57.0,1.4,-20022,-0.2
2.5,2.5,1.0,50.0,79,50.6,0.6,-32525,-0.33
2.5,3.0,0.83,45.5,79,41.8,-3.7,-124974,-1.25
2.5,3.5,0.71,41.7,79,35.4,-6.2,-192432,-1.92
2.5,4.0,0.62,38.5,79,31.6,-6.8,-219909,-2.2
2.5,4.5,0.56,35.7,79,29.1,-6.6,-227392,-2.27
2.5,5.0,0.5,33.3,79,25.3,-8.0,-282369,-2.82
3.0,1.0,3.0,75.0,83,78.3,3.3,7965,0.08
3.0,1.5,2.0,66.7,80,75.0,8.3,104406,1.04
3.0,2.0,1.5,60.0,79,62.0,2.0,-5025,-0.05
3.0,2.5,1.2,54.5,79,55.7,1.2,-20026,-0.2
3.0,3.0,1.0,50.0,79,49.4,-0.6,-60000,-0.6
3.0,3.5,0.86,46.2,79,41.8,-4.4,-157442,-1.57
3.0,4.0,0.75,42.9,79,38.0,-4.9,-179920,-1.8
3.0,4.5,0.67,40.0,79,35.4,-4.6,-179906,-1.8
3.0,5.0,0.6,37.5,79,30.4,-7.1,-269865,-2.7
3.5,1.0,3.5,77.8,82,79.3,1.5,-19019,-0.19
3.5,1.5,2.33,70.0,79,78.5,8.5,122400,1.22
3.5,2.0,1.75,63.6,78,67.9,4.3,47954,0.48
3.5,2.5,1.4,58.3,78,62.8,4.5,60439,0.6
3.5,3.0,1.17,53.8,78,59.0,5.1,85418,0.85
3.5,3.5,1.0,50.0,78,51.3,1.3,-9544,-0.1
3.5,4.0,0.88,46.7,78,43.6,-3.1,-134452,-1.34
3.5,4.5,0.78,43.8,78,38.5,-5.3,-209381,-2.09
3.5,5.0,0.7,41.2,78,33.3,-7.8,-304338,-3.04
4.0,1.0,4.0,80.0,81,79.0,-1.0,-65992,-0.66
4.0,1.5,2.67,72.7,79,78.5,5.8,79924,0.8
4.0,2.0,2.0,66.7,78,69.2,2.6,15460,0.15
4.0,2.5,1.6,61.5,78,64.1,2.6,20448,0.2
4.0,3.0,1.33,57.1,78,61.5,4.4,75410,0.75
4.0,3.5,1.14,53.3,78,53.8,0.5,-29548,-0.3
4.0,4.0,1.0,50.0,78,46.2,-3.8,-164450,-1.64
4.0,4.5,0.89,47.1,78,41.0,-6.0,-244375,-2.44
4.0,5.0,0.8,44.4,78,35.9,-8.5,-344330,-3.44
4.5,1.0,4.5,81.8,78,82.1,0.2,-39502,-0.4
4.5,1.5,3.0,75.0,78,82.1,7.1,120406,1.2
4.5,2.0,2.25,69.2,77,71.4,2.2,10966,0.11
4.5,2.5,1.8,64.3,77,66.2,1.9,8458,0.08
4.5,3.0,1.5,60.0,77,63.6,3.6,60921,0.61
4.5,3.5,1.29,56.2,77,57.1,0.9,-16550,-0.17
4.5,4.0,1.12,52.9,77,49.4,-3.6,-161445,-1.61
4.5,4.5,1.0,50.0,77,44.2,-5.8,-246365,-2.46
4.5,5.0,0.9,47.4,77,39.0,-8.4,-351318,-3.51
5.0,1.0,5.0,83.3,78,83.3,0.0,-44498,-0.44
5.0,1.5,3.33,76.9,77,83.1,6.2,110914,1.11
5.0,2.0,2.5,71.4,76,73.7,2.3,16468,0.16
5.0,2.5,2.0,66.7,76,69.7,3.1,43944,0.44
5.0,3.0,1.67,62.5,76,67.1,4.6,96408,0.96
5.0,3.5,1.43,58.8,76,60.5,1.7,11440,0.11
5.0,4.0,1.25,55.6,76,51.3,-4.2,-188425,-1.88
5.0,4.5,1.11,52.6,76,46.1,-6.6,-280839,-2.81
5.0,5.0,1.0,50.0,76,40.8,-9.2,-393288,-3.93
