symbol,direccion,resultado,entrada_ts,salida_ts,horas_hasta_salida,pnl_neto_cop
DOGE/USDT,LARGO,TP,2024-09-21 10:00:00+00:00,2024-09-21 14:00:00+00:00,4.0,13985
XRP/USDT,LARGO,TP,2024-09-21 14:00:00+00:00,2024-09-21 16:00:00+00:00,2.0,13985
ETH/USDT,LARGO,TP,2024-09-22 22:00:00+00:00,2024-09-23 03:00:00+00:00,5.0,13985
SOL/USDT,LARGO,SL,2024-09-23 06:00:00+00:00,2024-09-23 21:00:00+00:00,15.0,-15985
SOL/USDT,LARGO,TP,2024-09-24 06:00:00+00:00,2024-09-24 22:00:00+00:00,16.0,13985
ETH/USDT,LARGO,SL,2024-09-24 22:00:00+00:00,2024-09-25 17:00:00+00:00,19.0,-15985
XRP/USDT,LARGO,SL,2024-09-24 22:00:00+00:00,2024-09-26 00:00:00+00:00,26.0,-15985
DOGE/USDT,LARGO,TP,2024-09-23 06:00:00+00:00,2024-09-26 06:00:00+00:00,72.0,13985
SOL/USDT,LARGO,TP,2024-09-26 06:00:00+00:00,2024-09-26 14:00:00+00:00,8.0,13985
DOGE/USDT,LARGO,TP,2024-09-26 06:00:00+00:00,2024-09-26 15:00:00+00:00,9.0,13985
ETH/USDT,LARGO,TP,2024-09-26 10:00:00+00:00,2024-09-27 16:00:00+00:00,30.0,13985
XRP/USDT,LARGO,TP,2024-09-26 10:00:00+00:00,2024-09-28 07:00:00+00:00,45.0,13985
SOL/USDT,LARGO,SL,2024-09-29 02:00:00+00:00,2024-09-30 23:00:00+00:00,45.0,-15985
ETH/USDT,LARGO,SL,2024-10-01 06:00:00+00:00,2024-10-01 13:00:00+00:00,7.0,-15985
SOL/USDT,LARGO,SL,2024-10-01 10:00:00+00:00,2024-10-01 14:00:00+00:00,4.0,-15985
SOL/USDT,CORTO,TP,2024-10-01 14:00:00+00:00,2024-10-01 15:00:00+00:00,1.0,14492
ETH/USDT,CORTO,TP,2024-10-01 14:00:00+00:00,2024-10-01 17:00:00+00:00,3.0,14492
SOL/USDT,CORTO,SL,2024-10-05 22:00:00+00:00,2024-10-07 00:00:00+00:00,26.0,-15492
ETH/USDT,CORTO,SL,2024-10-05 22:00:00+00:00,2024-10-07 01:00:00+00:00,27.0,-15492
DOGE/USDT,CORTO,TP,2024-10-06 14:00:00+00:00,2024-10-07 23:00:00+00:00,33.0,14492
SOL/USDT,CORTO,TP,2024-10-07 22:00:00+00:00,2024-10-09 18:00:00+00:00,44.0,14492
DOGE/USDT,LARGO,SL,2024-10-09 10:00:00+00:00,2024-10-10 09:00:00+00:00,23.0,-15985
ETH/USDT,CORTO,TP,2024-10-07 22:00:00+00:00,2024-10-10 18:00:00+00:00,68.0,14492
SOL/USDT,LARGO,TP,2024-10-13 22:00:00+00:00,2024-10-14 03:00:00+00:00,5.0,13985
ETH/USDT,LARGO,TP,2024-10-14 06:00:00+00:00,2024-10-14 14:00:00+00:00,8.0,13985
DOGE/USDT,LARGO,TP,2024-10-14 06:00:00+00:00,2024-10-14 14:00:00+00:00,8.0,13985
XRP/USDT,CORTO,SL,2024-10-05 18:00:00+00:00,2024-10-14 15:00:00+00:00,213.0,-15492
DOGE/USDT,LARGO,TP,2024-10-15 18:00:00+00:00,2024-10-16 05:00:00+00:00,11.0,13985
XRP/USDT,LARGO,TP,2024-10-16 14:00:00+00:00,2024-10-17 05:00:00+00:00,15.0,13985
SOL/USDT,LARGO,SL,2024-10-16 10:00:00+00:00,2024-10-17 11:00:00+00:00,25.0,-15985
DOGE/USDT,LARGO,TP,2024-10-17 22:00:00+00:00,2024-10-18 00:00:00+00:00,2.0,13985
SOL/USDT,LARGO,TP,2024-10-18 10:00:00+00:00,2024-10-19 22:00:00+00:00,36.0,13985
ETH/USDT,LARGO,TP,2024-10-16 02:00:00+00:00,2024-10-20 14:00:00+00:00,108.0,13985
DOGE/USDT,LARGO,TP,2024-10-21 02:00:00+00:00,2024-10-21 05:00:00+00:00,3.0,13985
DOGE/USDT,LARGO,SL,2024-10-21 22:00:00+00:00,2024-10-22 00:00:00+00:00,2.0,-15985
XRP/USDT,LARGO,SL,2024-10-20 18:00:00+00:00,2024-10-23 05:00:00+00:00,59.0,-15985
SOL/USDT,LARGO,TP,2024-10-23 14:00:00+00:00,2024-10-23 19:00:00+00:00,5.0,13985
DOGE/USDT,LARGO,SL,2024-10-24 02:00:00+00:00,2024-10-24 09:00:00+00:00,7.0,-15985
DOGE/USDT,LARGO,SL,2024-10-24 14:00:00+00:00,2024-10-25 08:00:00+00:00,18.0,-15985
DOGE/USDT,CORTO,TP,2024-10-25 10:00:00+00:00,2024-10-25 17:00:00+00:00,7.0,14492
SOL/USDT,LARGO,SL,2024-10-25 14:00:00+00:00,2024-10-25 17:00:00+00:00,3.0,-15985
XRP/USDT,CORTO,TP,2024-10-24 10:00:00+00:00,2024-10-25 18:00:00+00:00,32.0,14492
ETH/USDT,CORTO,TP,2024-10-25 18:00:00+00:00,2024-10-25 23:00:00+00:00,5.0,14492
SOL/USDT,LARGO,TP,2024-10-26 22:00:00+00:00,2024-10-27 13:00:00+00:00,15.0,13985
ETH/USDT,CORTO,SL,2024-10-27 02:00:00+00:00,2024-10-28 21:00:00+00:00,43.0,-15492
XRP/USDT,CORTO,SL,2024-10-27 10:00:00+00:00,2024-10-29 02:00:00+00:00,40.0,-15492
DOGE/USDT,LARGO,SL,2024-10-31 02:00:00+00:00,2024-10-31 14:00:00+00:00,12.0,-15985
ETH/USDT,LARGO,SL,2024-10-31 14:00:00+00:00,2024-11-01 02:00:00+00:00,12.0,-15985
XRP/USDT,CORTO,TP,2024-11-01 22:00:00+00:00,2024-11-03 13:00:00+00:00,39.0,14492
ETH/USDT,CORTO,TP,2024-11-04 14:00:00+00:00,2024-11-04 21:00:00+00:00,7.0,14492
XRP/USDT,CORTO,SL,2024-11-04 22:00:00+00:00,2024-11-05 08:00:00+00:00,10.0,-15492
SOL/USDT,CORTO,SL,2024-11-04 18:00:00+00:00,2024-11-05 12:00:00+00:00,18.0,-15492
SOL/USDT,CORTO,SL,2024-11-05 14:00:00+00:00,2024-11-06 00:00:00+00:00,10.0,-15492
ETH/USDT,CORTO,SL,2024-11-05 22:00:00+00:00,2024-11-06 01:00:00+00:00,3.0,-15492
ETH/USDT,LARGO,TP,2024-11-06 02:00:00+00:00,2024-11-06 12:00:00+00:00,10.0,13985
DOGE/USDT,LARGO,TP,2024-11-07 18:00:00+00:00,2024-11-08 06:00:00+00:00,12.0,13985
XRP/USDT,LARGO,TP,2024-11-08 22:00:00+00:00,2024-11-10 01:00:00+00:00,27.0,13985
SOL/USDT,LARGO,TP,2024-11-10 02:00:00+00:00,2024-11-10 05:00:00+00:00,3.0,13985
XRP/USDT,LARGO,TP,2024-11-11 10:00:00+00:00,2024-11-11 20:00:00+00:00,10.0,13985
ETH/USDT,LARGO,SL,2024-11-13 18:00:00+00:00,2024-11-13 19:00:00+00:00,1.0,-15985
SOL/USDT,LARGO,SL,2024-11-13 18:00:00+00:00,2024-11-13 19:00:00+00:00,1.0,-15985
DOGE/USDT,LARGO,TP,2024-11-16 02:00:00+00:00,2024-11-16 06:00:00+00:00,4.0,13985
SOL/USDT,LARGO,TP,2024-11-15 22:00:00+00:00,2024-11-17 04:00:00+00:00,30.0,13985
ETH/USDT,CORTO,SL,2024-11-17 02:00:00+00:00,2024-11-17 08:00:00+00:00,6.0,-15493
SOL/USDT,LARGO,SL,2024-11-17 06:00:00+00:00,2024-11-17 12:00:00+00:00,6.0,-15985
XRP/USDT,LARGO,TP,2024-11-18 02:00:00+00:00,2024-11-18 05:00:00+00:00,3.0,13985
DOGE/USDT,LARGO,SL,2024-11-18 02:00:00+00:00,2024-11-18 12:00:00+00:00,10.0,-15985
ETH/USDT,CORTO,SL,2024-11-17 14:00:00+00:00,2024-11-18 16:00:00+00:00,26.0,-15492
XRP/USDT,LARGO,SL,2024-11-20 14:00:00+00:00,2024-11-20 16:00:00+00:00,2.0,-15985
DOGE/USDT,CORTO,SL,2024-11-20 18:00:00+00:00,2024-11-21 00:00:00+00:00,6.0,-15492
XRP/USDT,LARGO,TP,2024-11-21 02:00:00+00:00,2024-11-21 05:00:00+00:00,3.0,13985
ETH/USDT,CORTO,SL,2024-11-19 10:00:00+00:00,2024-11-21 12:00:00+00:00,50.0,-15492
SOL/USDT,LARGO,TP,2024-11-21 06:00:00+00:00,2024-11-21 12:00:00+00:00,6.0,13985
DOGE/USDT,LARGO,TP,2024-11-21 14:00:00+00:00,2024-11-22 02:00:00+00:00,12.0,13985
SOL/USDT,LARGO,SL,2024-11-24 02:00:00+00:00,2024-11-24 10:00:00+00:00,8.0,-15985
XRP/USDT,LARGO,SL,2024-11-25 10:00:00+00:00,2024-11-25 13:00:00+00:00,3.0,-15985
DOGE/USDT,LARGO,SL,2024-11-25 10:00:00+00:00,2024-11-25 13:00:00+00:00,3.0,-15985
SOL/USDT,LARGO,SL,2024-11-25 10:00:00+00:00,2024-11-25 14:00:00+00:00,4.0,-15985
ETH/USDT,LARGO,SL,2024-11-25 10:00:00+00:00,2024-11-25 15:00:00+00:00,5.0,-15985
SOL/USDT,CORTO,TP,2024-11-25 14:00:00+00:00,2024-11-25 22:00:00+00:00,8.0,14492
ETH/USDT,LARGO,TP,2024-11-27 06:00:00+00:00,2024-11-27 15:00:00+00:00,9.0,13985
XRP/USDT,LARGO,TP,2024-11-27 10:00:00+00:00,2024-11-27 15:00:00+00:00,5.0,13985
SOL/USDT,CORTO,SL,2024-11-28 14:00:00+00:00,2024-11-29 03:00:00+00:00,13.0,-15492
DOGE/USDT,CORTO,SL,2024-11-28 18:00:00+00:00,2024-11-29 09:00:00+00:00,15.0,-15492
ETH/USDT,LARGO,TP,2024-11-29 10:00:00+00:00,2024-11-30 05:00:00+00:00,19.0,13985
SOL/USDT,CORTO,TP,2024-11-30 14:00:00+00:00,2024-12-02 03:00:00+00:00,37.0,14492
DOGE/USDT,CORTO,SL,2024-12-02 10:00:00+00:00,2024-12-02 13:00:00+00:00,3.0,-15492
SOL/USDT,LARGO,SL,2024-12-03 22:00:00+00:00,2024-12-03 23:00:00+00:00,1.0,-15985
XRP/USDT,LARGO,SL,2024-12-04 06:00:00+00:00,2024-12-04 12:00:00+00:00,6.0,-15985
ETH/USDT,LARGO,TP,2024-12-04 02:00:00+00:00,2024-12-04 14:00:00+00:00,12.0,13985
DOGE/USDT,LARGO,SL,2024-12-04 06:00:00+00:00,2024-12-04 16:00:00+00:00,10.0,-15985
DOGE/USDT,LARGO,TP,2024-12-04 22:00:00+00:00,2024-12-04 23:00:00+00:00,1.0,13985
SOL/USDT,CORTO,TP,2024-12-04 18:00:00+00:00,2024-12-05 01:00:00+00:00,7.0,14492
DOGE/USDT,LARGO,TP,2024-12-06 22:00:00+00:00,2024-12-07 07:00:00+00:00,9.0,13985
XRP/USDT,LARGO,TP,2024-12-06 22:00:00+00:00,2024-12-07 15:00:00+00:00,17.0,13985
SOL/USDT,LARGO,SL,2024-12-06 18:00:00+00:00,2024-12-09 01:00:00+00:00,55.0,-15985
ETH/USDT,LARGO,SL,2024-12-08 22:00:00+00:00,2024-12-09 07:00:00+00:00,9.0,-15985
XRP/USDT,CORTO,SL,2024-12-12 22:00:00+00:00,2024-12-13 14:00:00+00:00,16.0,-15492
XRP/USDT,LARGO,TP,2024-12-13 14:00:00+00:00,2024-12-14 05:00:00+00:00,15.0,13985
DOGE/USDT,CORTO,TP,2024-12-12 22:00:00+00:00,2024-12-14 13:00:00+00:00,39.0,14492
SOL/USDT,CORTO,TP,2024-12-13 02:00:00+00:00,2024-12-14 13:00:00+00:00,35.0,14492
SOL/USDT,CORTO,TP,2024-12-14 14:00:00+00:00,2024-12-14 20:00:00+00:00,6.0,14492
DOGE/USDT,CORTO,SL,2024-12-14 14:00:00+00:00,2024-12-15 23:00:00+00:00,33.0,-15492
XRP/USDT,CORTO,SL,2024-12-14 18:00:00+00:00,2024-12-15 23:00:00+00:00,29.0,-15492
SOL/USDT,CORTO,SL,2024-12-15 22:00:00+00:00,2024-12-16 00:00:00+00:00,2.0,-15492
ETH/USDT,LARGO,TP,2024-12-15 14:00:00+00:00,2024-12-16 01:00:00+00:00,11.0,13985
XRP/USDT,LARGO,SL,2024-12-16 02:00:00+00:00,2024-12-16 11:00:00+00:00,9.0,-15985
DOGE/USDT,CORTO,SL,2024-12-16 14:00:00+00:00,2024-12-16 16:00:00+00:00,2.0,-15492
DOGE/USDT,LARGO,SL,2024-12-16 18:00:00+00:00,2024-12-17 00:00:00+00:00,6.0,-15985
XRP/USDT,LARGO,TP,2024-12-16 18:00:00+00:00,2024-12-17 08:00:00+00:00,14.0,13985
SOL/USDT,CORTO,SL,2024-12-16 10:00:00+00:00,2024-12-17 12:00:00+00:00,26.0,-15492
DOGE/USDT,CORTO,TP,2024-12-17 02:00:00+00:00,2024-12-18 01:00:00+00:00,23.0,14492
SOL/USDT,CORTO,TP,2024-12-18 06:00:00+00:00,2024-12-18 20:00:00+00:00,14.0,14492
SOL/USDT,CORTO,TP,2024-12-21 14:00:00+00:00,2024-12-21 19:00:00+00:00,5.0,14492
DOGE/USDT,CORTO,TP,2024-12-21 22:00:00+00:00,2024-12-22 03:00:00+00:00,5.0,14492
XRP/USDT,CORTO,SL,2024-12-21 18:00:00+00:00,2024-12-22 09:00:00+00:00,15.0,-15493
ETH/USDT,CORTO,TP,2024-12-21 14:00:00+00:00,2024-12-22 19:00:00+00:00,29.0,14492
XRP/USDT,CORTO,TP,2024-12-22 14:00:00+00:00,2024-12-23 01:00:00+00:00,11.0,14492
ETH/USDT,CORTO,SL,2024-12-23 14:00:00+00:00,2024-12-23 20:00:00+00:00,6.0,-15492
XRP/USDT,CORTO,TP,2024-12-26 02:00:00+00:00,2024-12-26 08:00:00+00:00,6.0,14492
DOGE/USDT,CORTO,TP,2024-12-26 06:00:00+00:00,2024-12-26 08:00:00+00:00,2.0,14492
SOL/USDT,CORTO,TP,2024-12-26 06:00:00+00:00,2024-12-26 10:00:00+00:00,4.0,14492
ETH/USDT,CORTO,TP,2024-12-26 06:00:00+00:00,2024-12-26 13:00:00+00:00,7.0,14492
SOL/USDT,LARGO,TP,2024-12-28 14:00:00+00:00,2024-12-28 22:00:00+00:00,8.0,13985
XRP/USDT,CORTO,TP,2024-12-29 14:00:00+00:00,2024-12-29 22:00:00+00:00,8.0,14492
SOL/USDT,CORTO,SL,2024-12-29 22:00:00+00:00,2024-12-30 19:00:00+00:00,21.0,-15492
DOGE/USDT,CORTO,SL,2024-12-29 18:00:00+00:00,2024-12-31 13:00:00+00:00,43.0,-15492
DOGE/USDT,LARGO,SL,2024-12-31 14:00:00+00:00,2024-12-31 17:00:00+00:00,3.0,-15985
SOL/USDT,LARGO,SL,2024-12-31 10:00:00+00:00,2025-01-01 09:00:00+00:00,23.0,-15985
DOGE/USDT,CORTO,SL,2025-01-01 10:00:00+00:00,2025-01-01 18:00:00+00:00,8.0,-15492
DOGE/USDT,LARGO,TP,2025-01-01 18:00:00+00:00,2025-01-02 00:00:00+00:00,6.0,13985
SOL/USDT,LARGO,TP,2025-01-01 22:00:00+00:00,2025-01-02 04:00:00+00:00,6.0,13985
ETH/USDT,CORTO,SL,2024-12-27 18:00:00+00:00,2025-01-02 09:00:00+00:00,135.0,-15492
XRP/USDT,LARGO,TP,2025-01-05 10:00:00+00:00,2025-01-05 23:00:00+00:00,13.0,13985
SOL/USDT,LARGO,TP,2025-01-06 06:00:00+00:00,2025-01-06 14:00:00+00:00,8.0,13985
DOGE/USDT,LARGO,TP,2025-01-06 06:00:00+00:00,2025-01-07 01:00:00+00:00,19.0,13985
XRP/USDT,LARGO,SL,2025-01-06 02:00:00+00:00,2025-01-07 15:00:00+00:00,37.0,-15985
ETH/USDT,LARGO,SL,2025-01-07 14:00:00+00:00,2025-01-07 15:00:00+00:00,1.0,-15985
XRP/USDT,CORTO,SL,2025-01-07 18:00:00+00:00,2025-01-08 02:00:00+00:00,8.0,-15492
XRP/USDT,LARGO,SL,2025-01-08 22:00:00+00:00,2025-01-09 07:00:00+00:00,9.0,-15985
XRP/USDT,CORTO,SL,2025-01-09 10:00:00+00:00,2025-01-11 10:00:00+00:00,48.0,-15492
DOGE/USDT,CORTO,SL,2025-01-12 22:00:00+00:00,2025-01-13 00:00:00+00:00,2.0,-15492
SOL/USDT,CORTO,TP,2025-01-10 14:00:00+00:00,2025-01-13 06:00:00+00:00,64.0,14492
ETH/USDT,CORTO,TP,2025-01-10 14:00:00+00:00,2025-01-13 09:00:00+00:00,67.0,14492
SOL/USDT,CORTO,TP,2025-01-13 06:00:00+00:00,2025-01-13 11:00:00+00:00,5.0,14492
XRP/USDT,LARGO,TP,2025-01-13 22:00:00+00:00,2025-01-14 16:00:00+00:00,18.0,13985
ETH/USDT,LARGO,TP,2025-01-17 02:00:00+00:00,2025-01-17 20:00:00+00:00,18.0,13985
XRP/USDT,LARGO,SL,2025-01-19 02:00:00+00:00,2025-01-19 08:00:00+00:00,6.0,-15985
ETH/USDT,LARGO,SL,2025-01-19 18:00:00+00:00,2025-01-19 21:00:00+00:00,3.0,-15985
ETH/USDT,CORTO,SL,2025-01-20 02:00:00+00:00,2025-01-20 06:00:00+00:00,4.0,-15492
XRP/USDT,LARGO,SL,2025-01-20 10:00:00+00:00,2025-01-20 12:00:00+00:00,2.0,-15985
ETH/USDT,LARGO,SL,2025-01-20 10:00:00+00:00,2025-01-20 17:00:00+00:00,7.0,-15985
ETH/USDT,CORTO,SL,2025-01-21 02:00:00+00:00,2025-01-21 17:00:00+00:00,15.0,-15492
SOL/USDT,LARGO,SL,2025-01-21 18:00:00+00:00,2025-01-21 21:00:00+00:00,3.0,-15985
ETH/USDT,LARGO,SL,2025-01-21 18:00:00+00:00,2025-01-22 18:00:00+00:00,24.0,-15985
DOGE/USDT,CORTO,TP,2025-01-22 10:00:00+00:00,2025-01-23 02:00:00+00:00,16.0,14492
XRP/USDT,LARGO,SL,2025-01-21 18:00:00+00:00,2025-01-23 04:00:00+00:00,34.0,-15985
ETH/USDT,LARGO,TP,2025-01-23 22:00:00+00:00,2025-01-24 13:00:00+00:00,15.0,13985
SOL/USDT,LARGO,SL,2025-01-24 06:00:00+00:00,2025-01-24 22:00:00+00:00,16.0,-15985
DOGE/USDT,CORTO,SL,2025-01-24 22:00:00+00:00,2025-01-25 15:00:00+00:00,17.0,-15492
SOL/USDT,LARGO,SL,2025-01-25 18:00:00+00:00,2025-01-26 21:00:00+00:00,27.0,-15985
DOGE/USDT,CORTO,TP,2025-01-26 10:00:00+00:00,2025-01-26 23:00:00+00:00,13.0,14492
XRP/USDT,CORTO,TP,2025-01-24 22:00:00+00:00,2025-01-27 00:00:00+00:00,50.0,14492
SOL/USDT,CORTO,TP,2025-01-26 22:00:00+00:00,2025-01-27 00:00:00+00:00,2.0,14492
ETH/USDT,CORTO,TP,2025-01-25 02:00:00+00:00,2025-01-27 01:00:00+00:00,47.0,14492
ETH/USDT,CORTO,TP,2025-01-28 18:00:00+00:00,2025-01-28 22:00:00+00:00,4.0,14492
DOGE/USDT,CORTO,SL,2025-01-28 18:00:00+00:00,2025-01-29 08:00:00+00:00,14.0,-15492
SOL/USDT,CORTO,TP,2025-01-28 18:00:00+00:00,2025-01-29 19:00:00+00:00,25.0,14492
XRP/USDT,CORTO,TP,2025-01-29 14:00:00+00:00,2025-01-29 19:00:00+00:00,5.0,14492
DOGE/USDT,CORTO,SL,2025-01-29 14:00:00+00:00,2025-01-29 20:00:00+00:00,6.0,-15492
DOGE/USDT,CORTO,SL,2025-01-31 06:00:00+00:00,2025-01-31 15:00:00+00:00,9.0,-15492
XRP/USDT,LARGO,SL,2025-01-30 02:00:00+00:00,2025-01-31 18:00:00+00:00,40.0,-15985
SOL/USDT,CORTO,TP,2025-01-31 06:00:00+00:00,2025-01-31 18:00:00+00:00,12.0,14492
SOL/USDT,CORTO,TP,2025-01-31 18:00:00+00:00,2025-02-01 19:00:00+00:00,25.0,14492
DOGE/USDT,CORTO,TP,2025-01-31 22:00:00+00:00,2025-02-01 19:00:00+00:00,21.0,14492
ETH/USDT,CORTO,TP,2025-02-01 10:00:00+00:00,2025-02-01 22:00:00+00:00,12.0,14492
XRP/USDT,CORTO,SL,2025-02-04 10:00:00+00:00,2025-02-04 12:00:00+00:00,2.0,-15492
DOGE/USDT,CORTO,SL,2025-02-04 10:00:00+00:00,2025-02-04 12:00:00+00:00,2.0,-15492
ETH/USDT,CORTO,SL,2025-02-04 10:00:00+00:00,2025-02-04 13:00:00+00:00,3.0,-15492
ETH/USDT,CORTO,SL,2025-02-04 22:00:00+00:00,2025-02-05 01:00:00+00:00,3.0,-15493
XRP/USDT,CORTO,TP,2025-02-04 22:00:00+00:00,2025-02-05 16:00:00+00:00,18.0,14492
SOL/USDT,CORTO,TP,2025-02-04 22:00:00+00:00,2025-02-05 16:00:00+00:00,18.0,14492
DOGE/USDT,CORTO,TP,2025-02-06 14:00:00+00:00,2025-02-06 15:00:00+00:00,1.0,14492
ETH/USDT,CORTO,SL,2025-02-06 18:00:00+00:00,2025-02-07 13:00:00+00:00,19.0,-15492
XRP/USDT,CORTO,TP,2025-02-07 14:00:00+00:00,2025-02-07 15:00:00+00:00,1.0,14492
ETH/USDT,CORTO,TP,2025-02-07 18:00:00+00:00,2025-02-07 20:00:00+00:00,2.0,14492
DOGE/USDT,CORTO,TP,2025-02-07 18:00:00+00:00,2025-02-07 20:00:00+00:00,2.0,14492
SOL/USDT,CORTO,SL,2025-02-07 22:00:00+00:00,2025-02-08 13:00:00+00:00,15.0,-15492
XRP/USDT,CORTO,SL,2025-02-08 06:00:00+00:00,2025-02-09 03:00:00+00:00,21.0,-15492
ETH/USDT,CORTO,TP,2025-02-09 14:00:00+00:00,2025-02-09 21:00:00+00:00,7.0,14492
XRP/USDT,CORTO,TP,2025-02-09 18:00:00+00:00,2025-02-09 21:00:00+00:00,3.0,14492
DOGE/USDT,CORTO,TP,2025-02-09 18:00:00+00:00,2025-02-09 21:00:00+00:00,3.0,14492
SOL/USDT,CORTO,SL,2025-02-09 22:00:00+00:00,2025-02-10 00:00:00+00:00,2.0,-15493
SOL/USDT,CORTO,SL,2025-02-10 02:00:00+00:00,2025-02-10 08:00:00+00:00,6.0,-15492
SOL/USDT,LARGO,SL,2025-02-11 06:00:00+00:00,2025-02-11 13:00:00+00:00,7.0,-15985
SOL/USDT,CORTO,TP,2025-02-11 14:00:00+00:00,2025-02-12 04:00:00+00:00,14.0,14492
DOGE/USDT,CORTO,SL,2025-02-11 22:00:00+00:00,2025-02-12 12:00:00+00:00,14.0,-15492
XRP/USDT,CORTO,TP,2025-02-11 22:00:00+00:00,2025-02-12 13:00:00+00:00,15.0,14492
ETH/USDT,CORTO,SL,2025-02-11 18:00:00+00:00,2025-02-12 20:00:00+00:00,26.0,-15492
DOGE/USDT,LARGO,TP,2025-02-12 18:00:00+00:00,2025-02-12 22:00:00+00:00,4.0,13985
XRP/USDT,LARGO,TP,2025-02-12 22:00:00+00:00,2025-02-13 22:00:00+00:00,24.0,13985
ETH/USDT,CORTO,SL,2025-02-13 14:00:00+00:00,2025-02-14 03:00:00+00:00,13.0,-15493
XRP/USDT,LARGO,TP,2025-02-13 22:00:00+00:00,2025-02-14 08:00:00+00:00,10.0,13985
SOL/USDT,CORTO,SL,2025-02-13 06:00:00+00:00,2025-02-14 09:00:00+00:00,27.0,-15492
DOGE/USDT,LARGO,TP,2025-02-13 22:00:00+00:00,2025-02-14 09:00:00+00:00,11.0,13985
SOL/USDT,CORTO,TP,2025-02-15 10:00:00+00:00,2025-02-16 18:00:00+00:00,32.0,14492
ETH/USDT,LARGO,TP,2025-02-17 10:00:00+00:00,2025-02-17 15:00:00+00:00,5.0,13985
ETH/USDT,CORTO,SL,2025-02-18 06:00:00+00:00,2025-02-20 02:00:00+00:00,44.0,-15492
SOL/USDT,CORTO,SL,2025-02-19 22:00:00+00:00,2025-02-20 03:00:00+00:00,5.0,-15492
DOGE/USDT,CORTO,SL,2025-02-20 18:00:00+00:00,2025-02-21 13:00:00+00:00,19.0,-15492
SOL/USDT,CORTO,TP,2025-02-21 10:00:00+00:00,2025-02-21 15:00:00+00:00,5.0,14492
DOGE/USDT,CORTO,TP,2025-02-21 18:00:00+00:00,2025-02-21 19:00:00+00:00,1.0,14492
SOL/USDT,CORTO,SL,2025-02-21 22:00:00+00:00,2025-02-22 10:00:00+00:00,12.0,-15492
ETH/USDT,CORTO,SL,2025-02-21 18:00:00+00:00,2025-02-22 15:00:00+00:00,21.0,-15492
SOL/USDT,CORTO,TP,2025-02-23 02:00:00+00:00,2025-02-24 01:00:00+00:00,23.0,14492
DOGE/USDT,CORTO,TP,2025-02-23 02:00:00+00:00,2025-02-24 02:00:00+00:00,24.0,14492
XRP/USDT,CORTO,TP,2025-02-26 14:00:00+00:00,2025-02-26 18:00:00+00:00,4.0,14492
SOL/USDT,CORTO,TP,2025-02-27 18:00:00+00:00,2025-02-28 01:00:00+00:00,7.0,14492
DOGE/USDT,CORTO,TP,2025-02-27 22:00:00+00:00,2025-02-28 01:00:00+00:00,3.0,14492
ETH/USDT,CORTO,SL,2025-03-01 14:00:00+00:00,2025-03-01 19:00:00+00:00,5.0,-15492
SOL/USDT,CORTO,SL,2025-03-01 14:00:00+00:00,2025-03-02 00:00:00+00:00,10.0,-15492
XRP/USDT,CORTO,SL,2025-03-02 02:00:00+00:00,2025-03-02 15:00:00+00:00,13.0,-15492
ETH/USDT,CORTO,SL,2025-03-02 02:00:00+00:00,2025-03-02 15:00:00+00:00,13.0,-15492
ETH/USDT,CORTO,TP,2025-03-03 14:00:00+00:00,2025-03-03 18:00:00+00:00,4.0,14492
DOGE/USDT,CORTO,TP,2025-03-03 18:00:00+00:00,2025-03-03 19:00:00+00:00,1.0,14492
XRP/USDT,LARGO,TP,2025-03-04 22:00:00+00:00,2025-03-05 02:00:00+00:00,4.0,13985
SOL/USDT,LARGO,TP,2025-03-05 02:00:00+00:00,2025-03-05 10:00:00+00:00,8.0,13985
SOL/USDT,LARGO,SL,2025-03-05 10:00:00+00:00,2025-03-05 13:00:00+00:00,3.0,-15985
ETH/USDT,CORTO,TP,2025-03-06 18:00:00+00:00,2025-03-07 00:00:00+00:00,6.0,14492
DOGE/USDT,CORTO,TP,2025-03-06 18:00:00+00:00,2025-03-07 00:00:00+00:00,6.0,14492
SOL/USDT,CORTO,TP,2025-03-06 18:00:00+00:00,2025-03-07 00:00:00+00:00,6.0,14492
DOGE/USDT,LARGO,SL,2025-03-07 14:00:00+00:00,2025-03-07 16:00:00+00:00,2.0,-15985
SOL/USDT,LARGO,SL,2025-03-07 18:00:00+00:00,2025-03-07 20:00:00+00:00,2.0,-15985
SOL/USDT,CORTO,TP,2025-03-07 22:00:00+00:00,2025-03-08 11:00:00+00:00,13.0,14492
DOGE/USDT,CORTO,TP,2025-03-08 02:00:00+00:00,2025-03-08 16:00:00+00:00,14.0,14492
ETH/USDT,CORTO,TP,2025-03-09 10:00:00+00:00,2025-03-09 16:00:00+00:00,6.0,14492
SOL/USDT,CORTO,SL,2025-03-12 06:00:00+00:00,2025-03-12 08:00:00+00:00,2.0,-15492
SOL/USDT,CORTO,SL,2025-03-13 06:00:00+00:00,2025-03-13 09:00:00+00:00,3.0,-15492
DOGE/USDT,CORTO,SL,2025-03-13 18:00:00+00:00,2025-03-14 08:00:00+00:00,14.0,-15492
SOL/USDT,CORTO,SL,2025-03-13 18:00:00+00:00,2025-03-14 12:00:00+00:00,18.0,-15492
SOL/USDT,CORTO,SL,2025-03-14 14:00:00+00:00,2025-03-14 19:00:00+00:00,5.0,-15492
ETH/USDT,CORTO,TP,2025-03-14 18:00:00+00:00,2025-03-16 11:00:00+00:00,41.0,14492
DOGE/USDT,CORTO,TP,2025-03-16 10:00:00+00:00,2025-03-16 13:00:00+00:00,3.0,14492
DOGE/USDT,LARGO,SL,2025-03-17 10:00:00+00:00,2025-03-18 01:00:00+00:00,15.0,-15985
XRP/USDT,LARGO,SL,2025-03-17 18:00:00+00:00,2025-03-18 01:00:00+00:00,7.0,-15985
DOGE/USDT,CORTO,TP,2025-03-18 02:00:00+00:00,2025-03-18 13:00:00+00:00,11.0,14492
ETH/USDT,CORTO,SL,2025-03-17 14:00:00+00:00,2025-03-19 10:00:00+00:00,44.0,-15492
XRP/USDT,LARGO,TP,2025-03-19 06:00:00+00:00,2025-03-19 13:00:00+00:00,7.0,13985
SOL/USDT,CORTO,SL,2025-03-20 18:00:00+00:00,2025-03-22 09:00:00+00:00,39.0,-15492
DOGE/USDT,CORTO,SL,2025-03-20 18:00:00+00:00,2025-03-24 00:00:00+00:00,78.0,-15493
ETH/USDT,LARGO,TP,2025-03-22 06:00:00+00:00,2025-03-24 05:00:00+00:00,47.0,13985
XRP/USDT,LARGO,TP,2025-03-23 10:00:00+00:00,2025-03-24 05:00:00+00:00,19.0,13985
ETH/USDT,LARGO,SL,2025-03-24 06:00:00+00:00,2025-03-26 17:00:00+00:00,59.0,-15985
XRP/USDT,LARGO,SL,2025-03-25 18:00:00+00:00,2025-03-26 18:00:00+00:00,24.0,-15985
SOL/USDT,LARGO,SL,2025-03-26 18:00:00+00:00,2025-03-28 06:00:00+00:00,36.0,-15985
DOGE/USDT,LARGO,SL,2025-03-28 06:00:00+00:00,2025-03-28 21:00:00+00:00,15.0,-15985
XRP/USDT,CORTO,TP,2025-03-30 18:00:00+00:00,2025-03-31 00:00:00+00:00,6.0,14492
SOL/USDT,CORTO,SL,2025-03-31 10:00:00+00:00,2025-04-01 08:00:00+00:00,22.0,-15492
XRP/USDT,CORTO,SL,2025-04-02 06:00:00+00:00,2025-04-02 09:00:00+00:00,3.0,-15492
SOL/USDT,CORTO,SL,2025-04-02 02:00:00+00:00,2025-04-02 15:00:00+00:00,13.0,-15492
ETH/USDT,CORTO,SL,2025-04-02 14:00:00+00:00,2025-04-02 20:00:00+00:00,6.0,-15492
XRP/USDT,CORTO,SL,2025-04-02 22:00:00+00:00,2025-04-03 04:00:00+00:00,6.0,-15493
SOL/USDT,CORTO,TP,2025-04-02 22:00:00+00:00,2025-04-03 11:00:00+00:00,13.0,14492
DOGE/USDT,CORTO,TP,2025-04-02 22:00:00+00:00,2025-04-03 12:00:00+00:00,14.0,14492
DOGE/USDT,CORTO,TP,2025-04-05 22:00:00+00:00,2025-04-06 12:00:00+00:00,14.0,14492
ETH/USDT,CORTO,TP,2025-04-02 22:00:00+00:00,2025-04-06 13:00:00+00:00,87.0,14492
SOL/USDT,CORTO,TP,2025-04-05 14:00:00+00:00,2025-04-06 13:00:00+00:00,23.0,14492
XRP/USDT,CORTO,TP,2025-04-06 10:00:00+00:00,2025-04-06 17:00:00+00:00,7.0,14492
XRP/USDT,CORTO,SL,2025-04-08 06:00:00+00:00,2025-04-08 11:00:00+00:00,5.0,-15492
XRP/USDT,CORTO,TP,2025-04-08 18:00:00+00:00,2025-04-08 22:00:00+00:00,4.0,14492
DOGE/USDT,CORTO,TP,2025-04-08 18:00:00+00:00,2025-04-09 01:00:00+00:00,7.0,14492
SOL/USDT,CORTO,TP,2025-04-08 18:00:00+00:00,2025-04-09 01:00:00+00:00,7.0,14492
ETH/USDT,CORTO,SL,2025-04-09 18:00:00+00:00,2025-04-09 20:00:00+00:00,2.0,-15492
ETH/USDT,CORTO,TP,2025-04-09 22:00:00+00:00,2025-04-10 03:00:00+00:00,5.0,14492
SOL/USDT,LARGO,SL,2025-04-09 18:00:00+00:00,2025-04-10 07:00:00+00:00,13.0,-15985
SOL/USDT,CORTO,SL,2025-04-10 18:00:00+00:00,2025-04-11 02:00:00+00:00,8.0,-15492
DOGE/USDT,CORTO,SL,2025-04-10 18:00:00+00:00,2025-04-11 06:00:00+00:00,12.0,-15492
ETH/USDT,CORTO,SL,2025-04-10 18:00:00+00:00,2025-04-11 08:00:00+00:00,14.0,-15492
SOL/USDT,LARGO,TP,2025-04-11 02:00:00+00:00,2025-04-11 08:00:00+00:00,6.0,13985
ETH/USDT,CORTO,SL,2025-04-13 14:00:00+00:00,2025-04-13 17:00:00+00:00,3.0,-15492
DOGE/USDT,LARGO,SL,2025-04-13 18:00:00+00:00,2025-04-13 19:00:00+00:00,1.0,-15985
ETH/USDT,LARGO,TP,2025-04-14 02:00:00+00:00,2025-04-14 10:00:00+00:00,8.0,13985
SOL/USDT,LARGO,SL,2025-04-14 02:00:00+00:00,2025-04-14 15:00:00+00:00,13.0,-15985
DOGE/USDT,LARGO,SL,2025-04-14 06:00:00+00:00,2025-04-14 15:00:00+00:00,9.0,-15985
SOL/USDT,LARGO,SL,2025-04-15 10:00:00+00:00,2025-04-15 17:00:00+00:00,7.0,-15985
XRP/USDT,LARGO,SL,2025-04-14 14:00:00+00:00,2025-04-15 22:00:00+00:00,32.0,-15985
SOL/USDT,LARGO,TP,2025-04-16 22:00:00+00:00,2025-04-17 18:00:00+00:00,20.0,13985
DOGE/USDT,CORTO,SL,2025-04-18 02:00:00+00:00,2025-04-19 03:00:00+00:00,25.0,-15492
DOGE/USDT,CORTO,TP,2025-04-19 22:00:00+00:00,2025-04-20 10:00:00+00:00,12.0,14492
DOGE/USDT,CORTO,SL,2025-04-20 10:00:00+00:00,2025-04-21 00:00:00+00:00,14.0,-15492
ETH/USDT,LARGO,TP,2025-04-17 06:00:00+00:00,2025-04-21 05:00:00+00:00,95.0,13985
SOL/USDT,LARGO,SL,2025-04-21 02:00:00+00:00,2025-04-21 16:00:00+00:00,14.0,-15985
ETH/USDT,CORTO,SL,2025-04-21 18:00:00+00:00,2025-04-22 07:00:00+00:00,13.0,-15492
DOGE/USDT,LARGO,TP,2025-04-21 02:00:00+00:00,2025-04-22 12:00:00+00:00,34.0,13985
SOL/USDT,LARGO,TP,2025-04-22 06:00:00+00:00,2025-04-22 13:00:00+00:00,7.0,13985
XRP/USDT,LARGO,TP,2025-04-17 10:00:00+00:00,2025-04-22 14:00:00+00:00,124.0,13985
ETH/USDT,LARGO,TP,2025-04-22 10:00:00+00:00,2025-04-22 14:00:00+00:00,4.0,13985
SOL/USDT,LARGO,TP,2025-04-24 18:00:00+00:00,2025-04-25 12:00:00+00:00,18.0,13985
DOGE/USDT,LARGO,TP,2025-04-24 18:00:00+00:00,2025-04-25 14:00:00+00:00,20.0,13985
ETH/USDT,LARGO,TP,2025-04-25 06:00:00+00:00,2025-04-26 08:00:00+00:00,26.0,13985
XRP/USDT,LARGO,TP,2025-04-24 22:00:00+00:00,2025-04-27 12:00:00+00:00,62.0,13985
SOL/USDT,LARGO,SL,2025-04-27 18:00:00+00:00,2025-04-28 01:00:00+00:00,7.0,-15985
SOL/USDT,CORTO,SL,2025-04-28 02:00:00+00:00,2025-04-28 06:00:00+00:00,4.0,-15493
XRP/USDT,LARGO,TP,2025-04-27 14:00:00+00:00,2025-04-28 07:00:00+00:00,17.0,13985
SOL/USDT,LARGO,SL,2025-04-28 06:00:00+00:00,2025-04-28 15:00:00+00:00,9.0,-15985
ETH/USDT,LARGO,SL,2025-04-28 10:00:00+00:00,2025-04-28 15:00:00+00:00,5.0,-15985
DOGE/USDT,LARGO,SL,2025-04-28 10:00:00+00:00,2025-04-28 15:00:00+00:00,5.0,-15985
SOL/USDT,CORTO,TP,2025-04-28 18:00:00+00:00,2025-04-30 13:00:00+00:00,43.0,14492
ETH/USDT,LARGO,SL,2025-04-29 02:00:00+00:00,2025-04-30 13:00:00+00:00,35.0,-15985
ETH/USDT,LARGO,TP,2025-05-01 02:00:00+00:00,2025-05-01 15:00:00+00:00,13.0,13985
SOL/USDT,LARGO,SL,2025-05-02 14:00:00+00:00,2025-05-03 09:00:00+00:00,19.0,-15985
XRP/USDT,LARGO,SL,2025-05-01 14:00:00+00:00,2025-05-03 17:00:00+00:00,51.0,-15985
DOGE/USDT,CORTO,TP,2025-05-03 06:00:00+00:00,2025-05-04 10:00:00+00:00,28.0,14492
ETH/USDT,LARGO,SL,2025-05-03 22:00:00+00:00,2025-05-05 01:00:00+00:00,27.0,-15985
XRP/USDT,CORTO,TP,2025-05-04 10:00:00+00:00,2025-05-05 15:00:00+00:00,29.0,14492
SOL/USDT,CORTO,SL,2025-05-06 02:00:00+00:00,2025-05-07 00:00:00+00:00,22.0,-15492
ETH/USDT,LARGO,TP,2025-05-07 02:00:00+00:00,2025-05-08 03:00:00+00:00,25.0,13985
XRP/USDT,CORTO,SL,2025-05-07 18:00:00+00:00,2025-05-08 04:00:00+00:00,10.0,-15492
SOL/USDT,LARGO,TP,2025-05-12 02:00:00+00:00,2025-05-12 07:00:00+00:00,5.0,13985
XRP/USDT,LARGO,TP,2025-05-12 06:00:00+00:00,2025-05-12 11:00:00+00:00,5.0,13985
ETH/USDT,LARGO,TP,2025-05-13 14:00:00+00:00,2025-05-13 17:00:00+00:00,3.0,13985
SOL/USDT,LARGO,TP,2025-05-13 14:00:00+00:00,2025-05-13 17:00:00+00:00,3.0,13985
DOGE/USDT,LARGO,TP,2025-05-13 18:00:00+00:00,2025-05-14 05:00:00+00:00,11.0,13985
DOGE/USDT,LARGO,SL,2025-05-16 10:00:00+00:00,2025-05-16 20:00:00+00:00,10.0,-15985
SOL/USDT,CORTO,TP,2025-05-16 14:00:00+00:00,2025-05-16 22:00:00+00:00,8.0,14492
ETH/USDT,LARGO,SL,2025-05-16 06:00:00+00:00,2025-05-17 00:00:00+00:00,18.0,-15985
DOGE/USDT,CORTO,TP,2025-05-16 22:00:00+00:00,2025-05-17 01:00:00+00:00,3.0,14492
ETH/USDT,CORTO,TP,2025-05-18 22:00:00+00:00,2025-05-19 03:00:00+00:00,5.0,14492
SOL/USDT,CORTO,TP,2025-05-19 02:00:00+00:00,2025-05-19 06:00:00+00:00,4.0,14492
DOGE/USDT,CORTO,SL,2025-05-19 06:00:00+00:00,2025-05-19 14:00:00+00:00,8.0,-15493
XRP/USDT,CORTO,SL,2025-05-19 06:00:00+00:00,2025-05-19 15:00:00+00:00,9.0,-15492
DOGE/USDT,CORTO,SL,2025-05-20 14:00:00+00:00,2025-05-20 19:00:00+00:00,5.0,-15492
ETH/USDT,CORTO,SL,2025-05-20 18:00:00+00:00,2025-05-20 21:00:00+00:00,3.0,-15492
SOL/USDT,CORTO,SL,2025-05-20 14:00:00+00:00,2025-05-21 03:00:00+00:00,13.0,-15492
DOGE/USDT,LARGO,TP,2025-05-20 22:00:00+00:00,2025-05-21 05:00:00+00:00,7.0,13985
XRP/USDT,CORTO,SL,2025-05-20 10:00:00+00:00,2025-05-21 16:00:00+00:00,30.0,-15492
ETH/USDT,LARGO,TP,2025-05-22 02:00:00+00:00,2025-05-22 08:00:00+00:00,6.0,13985
XRP/USDT,CORTO,TP,2025-05-23 14:00:00+00:00,2025-05-23 23:00:00+00:00,9.0,14492
ETH/USDT,LARGO,TP,2025-05-26 02:00:00+00:00,2025-05-27 08:00:00+00:00,30.0,13985
DOGE/USDT,CORTO,SL,2025-05-27 02:00:00+00:00,2025-05-27 13:00:00+00:00,11.0,-15492
SOL/USDT,LARGO,SL,2025-05-26 02:00:00+00:00,2025-05-28 14:00:00+00:00,60.0,-15985
XRP/USDT,CORTO,TP,2025-05-26 18:00:00+00:00,2025-05-28 19:00:00+00:00,49.0,14492
DOGE/USDT,CORTO,TP,2025-05-28 02:00:00+00:00,2025-05-28 19:00:00+00:00,17.0,14492
XRP/USDT,CORTO,TP,2025-05-29 18:00:00+00:00,2025-05-30 00:00:00+00:00,6.0,14492
DOGE/USDT,CORTO,TP,2025-05-29 18:00:00+00:00,2025-05-30 00:00:00+00:00,6.0,14492
ETH/USDT,CORTO,SL,2025-06-02 06:00:00+00:00,2025-06-02 22:00:00+00:00,16.0,-15492
XRP/USDT,CORTO,SL,2025-06-01 10:00:00+00:00,2025-06-03 00:00:00+00:00,38.0,-15492
DOGE/USDT,CORTO,SL,2025-06-02 06:00:00+00:00,2025-06-03 00:00:00+00:00,18.0,-15492
SOL/USDT,CORTO,SL,2025-06-02 10:00:00+00:00,2025-06-03 00:00:00+00:00,14.0,-15493
SOL/USDT,CORTO,TP,2025-06-04 02:00:00+00:00,2025-06-05 11:00:00+00:00,33.0,14492
DOGE/USDT,CORTO,TP,2025-06-04 14:00:00+00:00,2025-06-05 16:00:00+00:00,26.0,14492
XRP/USDT,CORTO,TP,2025-06-04 22:00:00+00:00,2025-06-05 19:00:00+00:00,21.0,14492
SOL/USDT,CORTO,SL,2025-06-07 02:00:00+00:00,2025-06-07 07:00:00+00:00,5.0,-15493
SOL/USDT,CORTO,SL,2025-06-08 02:00:00+00:00,2025-06-08 19:00:00+00:00,17.0,-15492
ETH/USDT,CORTO,SL,2025-06-09 02:00:00+00:00,2025-06-09 16:00:00+00:00,14.0,-15493
DOGE/USDT,CORTO,SL,2025-06-08 10:00:00+00:00,2025-06-09 18:00:00+00:00,32.0,-15492
SOL/USDT,CORTO,SL,2025-06-15 10:00:00+00:00,2025-06-15 14:00:00+00:00,4.0,-15492
SOL/USDT,CORTO,SL,2025-06-15 14:00:00+00:00,2025-06-16 01:00:00+00:00,11.0,-15492
XRP/USDT,CORTO,SL,2025-06-14 18:00:00+00:00,2025-06-16 07:00:00+00:00,37.0,-15492
ETH/USDT,CORTO,SL,2025-06-15 22:00:00+00:00,2025-06-16 07:00:00+00:00,9.0,-15492
XRP/USDT,CORTO,SL,2025-06-16 10:00:00+00:00,2025-06-16 14:00:00+00:00,4.0,-15492
DOGE/USDT,CORTO,TP,2025-06-15 06:00:00+00:00,2025-06-17 00:00:00+00:00,42.0,14492
DOGE/USDT,CORTO,TP,2025-06-17 02:00:00+00:00,2025-06-17 15:00:00+00:00,13.0,14492
SOL/USDT,CORTO,TP,2025-06-17 02:00:00+00:00,2025-06-17 15:00:00+00:00,13.0,14492
ETH/USDT,CORTO,TP,2025-06-17 06:00:00+00:00,2025-06-17 15:00:00+00:00,9.0,14492
XRP/USDT,CORTO,TP,2025-06-17 10:00:00+00:00,2025-06-17 17:00:00+00:00,7.0,14492
DOGE/USDT,CORTO,TP,2025-06-19 14:00:00+00:00,2025-06-20 16:00:00+00:00,26.0,14492
XRP/USDT,CORTO,TP,2025-06-19 06:00:00+00:00,2025-06-20 17:00:00+00:00,35.0,14492
ETH/USDT,CORTO,TP,2025-06-19 14:00:00+00:00,2025-06-20 17:00:00+00:00,27.0,14492
SOL/USDT,CORTO,TP,2025-06-20 06:00:00+00:00,2025-06-20 17:00:00+00:00,11.0,14492
ETH/USDT,CORTO,TP,2025-06-20 18:00:00+00:00,2025-06-21 21:00:00+00:00,27.0,14492
SOL/USDT,CORTO,TP,2025-06-20 18:00:00+00:00,2025-06-21 21:00:00+00:00,27.0,14492
ETH/USDT,CORTO,SL,2025-06-23 22:00:00+00:00,2025-06-24 16:00:00+00:00,18.0,-15492
XRP/USDT,LARGO,TP,2025-06-23 22:00:00+00:00,2025-06-25 13:00:00+00:00,39.0,13985
DOGE/USDT,CORTO,TP,2025-06-23 22:00:00+00:00,2025-06-26 13:00:00+00:00,63.0,14492
SOL/USDT,LARGO,SL,2025-06-26 02:00:00+00:00,2025-06-26 13:00:00+00:00,11.0,-15985
SOL/USDT,CORTO,SL,2025-06-27 18:00:00+00:00,2025-06-28 07:00:00+00:00,13.0,-15492
DOGE/USDT,LARGO,TP,2025-06-28 02:00:00+00:00,2025-06-29 22:00:00+00:00,44.0,13985
ETH/USDT,LARGO,TP,2025-06-27 10:00:00+00:00,2025-06-29 23:00:00+00:00,61.0,13985
XRP/USDT,LARGO,TP,2025-06-28 02:00:00+00:00,2025-06-30 18:00:00+00:00,64.0,13985
XRP/USDT,LARGO,TP,2025-06-30 18:00:00+00:00,2025-06-30 19:00:00+00:00,1.0,13985
SOL/USDT,LARGO,SL,2025-06-30 18:00:00+00:00,2025-07-01 05:00:00+00:00,11.0,-15985
DOGE/USDT,LARGO,SL,2025-06-30 22:00:00+00:00,2025-07-01 12:00:00+00:00,14.0,-15985
SOL/USDT,LARGO,TP,2025-07-01 14:00:00+00:00,2025-07-02 16:00:00+00:00,26.0,13985
ETH/USDT,LARGO,TP,2025-07-02 10:00:00+00:00,2025-07-02 16:00:00+00:00,6.0,13985
DOGE/USDT,LARGO,TP,2025-07-02 14:00:00+00:00,2025-07-02 16:00:00+00:00,2.0,13985
SOL/USDT,LARGO,SL,2025-07-02 18:00:00+00:00,2025-07-04 14:00:00+00:00,44.0,-15985
ETH/USDT,LARGO,TP,2025-07-04 18:00:00+00:00,2025-07-06 13:00:00+00:00,43.0,13985
DOGE/USDT,LARGO,TP,2025-07-06 14:00:00+00:00,2025-07-07 03:00:00+00:00,13.0,13985
XRP/USDT,LARGO,TP,2025-07-02 18:00:00+00:00,2025-07-07 13:00:00+00:00,115.0,13985
ETH/USDT,LARGO,TP,2025-07-06 14:00:00+00:00,2025-07-09 05:00:00+00:00,63.0,13985
XRP/USDT,LARGO,TP,2025-07-08 10:00:00+00:00,2025-07-09 11:00:00+00:00,25.0,13985
DOGE/USDT,LARGO,TP,2025-07-08 14:00:00+00:00,2025-07-09 11:00:00+00:00,21.0,13985
SOL/USDT,LARGO,TP,2025-07-06 14:00:00+00:00,2025-07-09 19:00:00+00:00,77.0,13985
XRP/USDT,LARGO,TP,2025-07-13 02:00:00+00:00,2025-07-13 14:00:00+00:00,12.0,13985
ETH/USDT,LARGO,TP,2025-07-13 06:00:00+00:00,2025-07-14 03:00:00+00:00,21.0,13985
SOL/USDT,LARGO,TP,2025-07-13 10:00:00+00:00,2025-07-14 03:00:00+00:00,17.0,13985
DOGE/USDT,LARGO,TP,2025-07-13 14:00:00+00:00,2025-07-14 04:00:00+00:00,14.0,13985
DOGE/USDT,LARGO,TP,2025-07-15 02:00:00+00:00,2025-07-15 17:00:00+00:00,15.0,13985
ETH/USDT,LARGO,TP,2025-07-15 18:00:00+00:00,2025-07-16 06:00:00+00:00,12.0,13985
SOL/USDT,LARGO,TP,2025-07-16 02:00:00+00:00,2025-07-16 09:00:00+00:00,7.0,13985
XRP/USDT,LARGO,TP,2025-07-16 02:00:00+00:00,2025-07-16 13:00:00+00:00,11.0,13985
DOGE/USDT,LARGO,TP,2025-07-16 02:00:00+00:00,2025-07-16 14:00:00+00:00,12.0,13985
ETH/USDT,LARGO,TP,2025-07-19 22:00:00+00:00,2025-07-20 03:00:00+00:00,5.0,13985
SOL/USDT,LARGO,TP,2025-07-20 02:00:00+00:00,2025-07-20 13:00:00+00:00,11.0,13985
XRP/USDT,LARGO,SL,2025-07-20 10:00:00+00:00,2025-07-20 22:00:00+00:00,12.0,-15985
XRP/USDT,LARGO,SL,2025-07-22 18:00:00+00:00,2025-07-23 09:00:00+00:00,15.0,-15985
ETH/USDT,LARGO,SL,2025-07-23 02:00:00+00:00,2025-07-23 13:00:00+00:00,11.0,-15985
ETH/USDT,LARGO,SL,2025-07-24 14:00:00+00:00,2025-07-25 02:00:00+00:00,12.0,-15985
ETH/USDT,CORTO,SL,2025-07-25 06:00:00+00:00,2025-07-25 10:00:00+00:00,4.0,-15492
ETH/USDT,LARGO,SL,2025-07-25 10:00:00+00:00,2025-07-25 15:00:00+00:00,5.0,-15985
ETH/USDT,LARGO,TP,2025-07-25 22:00:00+00:00,2025-07-27 10:00:00+00:00,36.0,13985
SOL/USDT,LARGO,TP,2025-07-25 22:00:00+00:00,2025-07-28 02:00:00+00:00,52.0,13985
DOGE/USDT,CORTO,TP,2025-07-28 14:00:00+00:00,2025-07-28 22:00:00+00:00,8.0,14492
SOL/USDT,CORTO,TP,2025-07-28 18:00:00+00:00,2025-07-29 15:00:00+00:00,21.0,14492
XRP/USDT,CORTO,TP,2025-07-28 14:00:00+00:00,2025-07-29 16:00:00+00:00,26.0,14492
ETH/USDT,LARGO,SL,2025-07-29 10:00:00+00:00,2025-07-30 19:00:00+00:00,33.0,-15985
ETH/USDT,LARGO,SL,2025-07-31 02:00:00+00:00,2025-07-31 19:00:00+00:00,17.0,-15985
DOGE/USDT,CORTO,TP,2025-07-31 14:00:00+00:00,2025-07-31 23:00:00+00:00,9.0,14492
SOL/USDT,CORTO,TP,2025-07-31 14:00:00+00:00,2025-08-01 00:00:00+00:00,10.0,14492
XRP/USDT,CORTO,TP,2025-07-31 18:00:00+00:00,2025-08-01 00:00:00+00:00,6.0,14492
ETH/USDT,CORTO,SL,2025-08-04 02:00:00+00:00,2025-08-04 16:00:00+00:00,14.0,-15492
XRP/USDT,CORTO,SL,2025-08-04 02:00:00+00:00,2025-08-05 01:00:00+00:00,23.0,-15493
DOGE/USDT,CORTO,TP,2025-08-04 22:00:00+00:00,2025-08-05 07:00:00+00:00,9.0,14492
ETH/USDT,CORTO,TP,2025-08-04 18:00:00+00:00,2025-08-05 14:00:00+00:00,20.0,14492
DOGE/USDT,CORTO,SL,2025-08-05 14:00:00+00:00,2025-08-06 15:00:00+00:00,25.0,-15492
SOL/USDT,CORTO,SL,2025-08-05 18:00:00+00:00,2025-08-06 15:00:00+00:00,21.0,-15492
ETH/USDT,CORTO,SL,2025-08-05 18:00:00+00:00,2025-08-06 18:00:00+00:00,24.0,-15492
XRP/USDT,CORTO,SL,2025-08-05 18:00:00+00:00,2025-08-07 10:00:00+00:00,40.0,-15492
DOGE/USDT,LARGO,SL,2025-08-11 06:00:00+00:00,2025-08-11 11:00:00+00:00,5.0,-15985
SOL/USDT,LARGO,SL,2025-08-10 18:00:00+00:00,2025-08-11 13:00:00+00:00,19.0,-15985
XRP/USDT,LARGO,SL,2025-08-11 06:00:00+00:00,2025-08-11 15:00:00+00:00,9.0,-15985
ETH/USDT,LARGO,TP,2025-08-12 02:00:00+00:00,2025-08-12 12:00:00+00:00,10.0,13985
SOL/USDT,LARGO,TP,2025-08-11 22:00:00+00:00,2025-08-12 15:00:00+00:00,17.0,13985
SOL/USDT,LARGO,TP,2025-08-12 18:00:00+00:00,2025-08-13 00:00:00+00:00,6.0,13985
DOGE/USDT,LARGO,TP,2025-08-12 18:00:00+00:00,2025-08-13 04:00:00+00:00,10.0,13985
XRP/USDT,LARGO,TP,2025-08-12 18:00:00+00:00,2025-08-14 02:00:00+00:00,32.0,13985
DOGE/USDT,CORTO,TP,2025-08-14 14:00:00+00:00,2025-08-14 18:00:00+00:00,4.0,14492
SOL/USDT,LARGO,TP,2025-08-15 14:00:00+00:00,2025-08-17 04:00:00+00:00,38.0,13985
DOGE/USDT,CORTO,SL,2025-08-16 14:00:00+00:00,2025-08-17 04:00:00+00:00,14.0,-15492
ETH/USDT,LARGO,TP,2025-08-15 18:00:00+00:00,2025-08-17 08:00:00+00:00,38.0,13985
XRP/USDT,CORTO,TP,2025-08-16 22:00:00+00:00,2025-08-18 02:00:00+00:00,28.0,14492
DOGE/USDT,CORTO,TP,2025-08-18 02:00:00+00:00,2025-08-19 03:00:00+00:00,25.0,14492
SOL/USDT,CORTO,TP,2025-08-18 02:00:00+00:00,2025-08-19 03:00:00+00:00,25.0,14492
ETH/USDT,CORTO,TP,2025-08-18 02:00:00+00:00,2025-08-19 14:00:00+00:00,36.0,14492
XRP/USDT,CORTO,TP,2025-08-19 06:00:00+00:00,2025-08-19 15:00:00+00:00,9.0,14492
XRP/USDT,CORTO,TP,2025-08-21 10:00:00+00:00,2025-08-22 11:00:00+00:00,25.0,14492
DOGE/USDT,CORTO,TP,2025-08-21 14:00:00+00:00,2025-08-22 12:00:00+00:00,22.0,14492
ETH/USDT,CORTO,SL,2025-08-21 18:00:00+00:00,2025-08-22 14:00:00+00:00,20.0,-15493
SOL/USDT,CORTO,SL,2025-08-21 18:00:00+00:00,2025-08-22 14:00:00+00:00,20.0,-15492
SOL/USDT,LARGO,TP,2025-08-22 14:00:00+00:00,2025-08-22 16:00:00+00:00,2.0,13985
XRP/USDT,LARGO,SL,2025-08-22 18:00:00+00:00,2025-08-23 02:00:00+00:00,8.0,-15985
DOGE/USDT,LARGO,SL,2025-08-22 18:00:00+00:00,2025-08-23 02:00:00+00:00,8.0,-15985
XRP/USDT,LARGO,SL,2025-08-24 18:00:00+00:00,2025-08-24 19:00:00+00:00,1.0,-15985
DOGE/USDT,LARGO,SL,2025-08-24 18:00:00+00:00,2025-08-24 19:00:00+00:00,1.0,-15985
ETH/USDT,LARGO,TP,2025-08-25 10:00:00+00:00,2025-08-25 14:00:00+00:00,4.0,13985
XRP/USDT,LARGO,TP,2025-08-26 18:00:00+00:00,2025-08-26 19:00:00+00:00,1.0,13985
SOL/USDT,LARGO,TP,2025-08-26 22:00:00+00:00,2025-08-27 03:00:00+00:00,5.0,13985
ETH/USDT,LARGO,SL,2025-08-26 22:00:00+00:00,2025-08-28 16:00:00+00:00,42.0,-15985
XRP/USDT,LARGO,SL,2025-08-28 06:00:00+00:00,2025-08-29 05:00:00+00:00,23.0,-15985
ETH/USDT,CORTO,TP,2025-08-28 18:00:00+00:00,2025-08-29 08:00:00+00:00,14.0,14492
DOGE/USDT,CORTO,TP,2025-08-29 06:00:00+00:00,2025-08-29 17:00:00+00:00,11.0,14492
SOL/USDT,LARGO,SL,2025-08-31 14:00:00+00:00,2025-09-01 02:00:00+00:00,12.0,-15985
XRP/USDT,CORTO,TP,2025-08-31 14:00:00+00:00,2025-09-01 04:00:00+00:00,14.0,14492
DOGE/USDT,CORTO,SL,2025-09-01 02:00:00+00:00,2025-09-01 07:00:00+00:00,5.0,-15492
SOL/USDT,CORTO,SL,2025-09-01 02:00:00+00:00,2025-09-01 08:00:00+00:00,6.0,-15492
ETH/USDT,CORTO,TP,2025-09-01 02:00:00+00:00,2025-09-01 21:00:00+00:00,19.0,14492
SOL/USDT,LARGO,SL,2025-09-02 06:00:00+00:00,2025-09-02 12:00:00+00:00,6.0,-15985
ETH/USDT,CORTO,SL,2025-09-02 14:00:00+00:00,2025-09-03 14:00:00+00:00,24.0,-15493
ETH/USDT,LARGO,SL,2025-09-03 14:00:00+00:00,2025-09-04 14:00:00+00:00,24.0,-15985
ETH/USDT,CORTO,SL,2025-09-04 14:00:00+00:00,2025-09-05 12:00:00+00:00,22.0,-15492
XRP/USDT,CORTO,SL,2025-09-04 06:00:00+00:00,2025-09-07 14:00:00+00:00,80.0,-15492
DOGE/USDT,CORTO,SL,2025-09-04 10:00:00+00:00,2025-09-07 14:00:00+00:00,76.0,-15492
SOL/USDT,CORTO,SL,2025-09-05 18:00:00+00:00,2025-09-08 09:00:00+00:00,63.0,-15492
ETH/USDT,CORTO,SL,2025-09-05 18:00:00+00:00,2025-09-10 14:00:00+00:00,116.0,-15492
XRP/USDT,LARGO,TP,2025-09-10 10:00:00+00:00,2025-09-12 00:00:00+00:00,38.0,13985
SOL/USDT,LARGO,TP,2025-09-13 22:00:00+00:00,2025-09-14 02:00:00+00:00,4.0,13985
DOGE/USDT,LARGO,SL,2025-09-16 22:00:00+00:00,2025-09-17 14:00:00+00:00,16.0,-15985
SOL/USDT,LARGO,TP,2025-09-16 18:00:00+00:00,2025-09-17 22:00:00+00:00,28.0,13985
XRP/USDT,LARGO,TP,2025-09-14 14:00:00+00:00,2025-09-18 09:00:00+00:00,91.0,13985
SOL/USDT,LARGO,TP,2025-09-17 22:00:00+00:00,2025-09-18 17:00:00+00:00,19.0,13985
DOGE/USDT,LARGO,SL,2025-09-17 22:00:00+00:00,2025-09-19 09:00:00+00:00,35.0,-15985
ETH/USDT,LARGO,SL,2025-09-17 06:00:00+00:00,2025-09-22 00:00:00+00:00,114.0,-15985
XRP/USDT,CORTO,TP,2025-09-19 06:00:00+00:00,2025-09-22 00:00:00+00:00,66.0,14492
SOL/USDT,LARGO,SL,2025-09-21 02:00:00+00:00,2025-09-22 00:00:00+00:00,22.0,-15985
DOGE/USDT,CORTO,TP,2025-09-21 10:00:00+00:00,2025-09-22 00:00:00+00:00,14.0,14492
XRP/USDT,CORTO,SL,2025-09-23 18:00:00+00:00,2025-09-24 15:00:00+00:00,21.0,-15492
XRP/USDT,CORTO,TP,2025-09-24 18:00:00+00:00,2025-09-25 04:00:00+00:00,10.0,14492
DOGE/USDT,CORTO,TP,2025-09-25 02:00:00+00:00,2025-09-25 04:00:00+00:00,2.0,14492
XRP/USDT,CORTO,TP,2025-09-25 06:00:00+00:00,2025-09-25 17:00:00+00:00,11.0,14492
SOL/USDT,CORTO,SL,2025-09-28 10:00:00+00:00,2025-09-28 20:00:00+00:00,10.0,-15492
DOGE/USDT,CORTO,SL,2025-09-27 18:00:00+00:00,2025-09-28 22:00:00+00:00,28.0,-15493
ETH/USDT,CORTO,SL,2025-09-28 10:00:00+00:00,2025-09-28 22:00:00+00:00,12.0,-15493
XRP/USDT,CORTO,SL,2025-09-28 10:00:00+00:00,2025-09-28 23:00:00+00:00,13.0,-15492
DOGE/USDT,CORTO,TP,2025-09-28 22:00:00+00:00,2025-09-29 12:00:00+00:00,14.0,14492
ETH/USDT,CORTO,SL,2025-09-28 22:00:00+00:00,2025-10-01 08:00:00+00:00,58.0,-15493
SOL/USDT,CORTO,SL,2025-09-28 22:00:00+00:00,2025-10-01 08:00:00+00:00,58.0,-15492
DOGE/USDT,CORTO,SL,2025-09-30 10:00:00+00:00,2025-10-01 08:00:00+00:00,22.0,-15492
SOL/USDT,LARGO,TP,2025-10-01 10:00:00+00:00,2025-10-02 02:00:00+00:00,16.0,13985
ETH/USDT,LARGO,TP,2025-10-01 10:00:00+00:00,2025-10-02 06:00:00+00:00,20.0,13985
XRP/USDT,LARGO,TP,2025-10-01 10:00:00+00:00,2025-10-02 16:00:00+00:00,30.0,13985
XRP/USDT,LARGO,TP,2025-10-04 18:00:00+00:00,2025-10-05 04:00:00+00:00,10.0,13985
SOL/USDT,LARGO,SL,2025-10-05 06:00:00+00:00,2025-10-05 18:00:00+00:00,12.0,-15985
DOGE/USDT,LARGO,SL,2025-10-05 06:00:00+00:00,2025-10-05 19:00:00+00:00,13.0,-15985
ETH/USDT,LARGO,TP,2025-10-05 02:00:00+00:00,2025-10-06 15:00:00+00:00,37.0,13985
DOGE/USDT,LARGO,TP,2025-10-06 10:00:00+00:00,2025-10-06 15:00:00+00:00,5.0,13985
XRP/USDT,LARGO,SL,2025-10-05 06:00:00+00:00,2025-10-07 13:00:00+00:00,55.0,-15985
SOL/USDT,LARGO,SL,2025-10-06 06:00:00+00:00,2025-10-07 13:00:00+00:00,31.0,-15985
DOGE/USDT,LARGO,SL,2025-10-08 18:00:00+00:00,2025-10-09 02:00:00+00:00,8.0,-15985
ETH/USDT,LARGO,SL,2025-10-07 18:00:00+00:00,2025-10-09 08:00:00+00:00,38.0,-15985
SOL/USDT,LARGO,SL,2025-10-08 22:00:00+00:00,2025-10-09 08:00:00+00:00,10.0,-15985
DOGE/USDT,CORTO,TP,2025-10-09 06:00:00+00:00,2025-10-10 15:00:00+00:00,33.0,14492
SOL/USDT,CORTO,TP,2025-10-09 10:00:00+00:00,2025-10-10 15:00:00+00:00,29.0,14492
DOGE/USDT,CORTO,TP,2025-10-10 18:00:00+00:00,2025-10-10 20:00:00+00:00,2.0,14492
ETH/USDT,CORTO,SL,2025-10-12 18:00:00+00:00,2025-10-13 17:00:00+00:00,23.0,-15492
XRP/USDT,CORTO,TP,2025-10-14 06:00:00+00:00,2025-10-14 13:00:00+00:00,7.0,14492
SOL/USDT,CORTO,SL,2025-10-14 10:00:00+00:00,2025-10-14 15:00:00+00:00,5.0,-15492
ETH/USDT,CORTO,SL,2025-10-14 06:00:00+00:00,2025-10-14 16:00:00+00:00,10.0,-15493
DOGE/USDT,CORTO,SL,2025-10-14 06:00:00+00:00,2025-10-14 16:00:00+00:00,10.0,-15492
DOGE/USDT,CORTO,TP,2025-10-15 10:00:00+00:00,2025-10-15 17:00:00+00:00,7.0,14492
SOL/USDT,CORTO,TP,2025-10-15 18:00:00+00:00,2025-10-15 21:00:00+00:00,3.0,14492
ETH/USDT,CORTO,TP,2025-10-15 14:00:00+00:00,2025-10-16 16:00:00+00:00,26.0,14492
SOL/USDT,CORTO,TP,2025-10-20 22:00:00+00:00,2025-10-21 04:00:00+00:00,6.0,14492
DOGE/USDT,CORTO,SL,2025-10-21 06:00:00+00:00,2025-10-21 14:00:00+00:00,8.0,-15493
ETH/USDT,CORTO,SL,2025-10-21 02:00:00+00:00,2025-10-21 15:00:00+00:00,13.0,-15492
XRP/USDT,CORTO,SL,2025-10-21 10:00:00+00:00,2025-10-21 15:00:00+00:00,5.0,-15492
DOGE/USDT,LARGO,SL,2025-10-21 18:00:00+00:00,2025-10-21 21:00:00+00:00,3.0,-15985
SOL/USDT,LARGO,SL,2025-10-21 18:00:00+00:00,2025-10-21 21:00:00+00:00,3.0,-15985
ETH/USDT,LARGO,SL,2025-10-21 18:00:00+00:00,2025-10-21 22:00:00+00:00,4.0,-15985
XRP/USDT,LARGO,SL,2025-10-21 18:00:00+00:00,2025-10-22 00:00:00+00:00,6.0,-15985
DOGE/USDT,CORTO,TP,2025-10-22 02:00:00+00:00,2025-10-22 11:00:00+00:00,9.0,14492
SOL/USDT,CORTO,TP,2025-10-22 02:00:00+00:00,2025-10-22 18:00:00+00:00,16.0,14492
ETH/USDT,CORTO,TP,2025-10-22 02:00:00+00:00,2025-10-22 21:00:00+00:00,19.0,14492
XRP/USDT,LARGO,TP,2025-10-23 10:00:00+00:00,2025-10-24 12:00:00+00:00,26.0,13985
DOGE/USDT,LARGO,TP,2025-10-23 10:00:00+00:00,2025-10-24 12:00:00+00:00,26.0,13985
DOGE/USDT,LARGO,TP,2025-10-25 18:00:00+00:00,2025-10-26 13:00:00+00:00,19.0,13985
SOL/USDT,LARGO,SL,2025-10-28 02:00:00+00:00,2025-10-28 19:00:00+00:00,17.0,-15985
XRP/USDT,LARGO,SL,2025-10-28 10:00:00+00:00,2025-10-28 21:00:00+00:00,11.0,-15985
XRP/USDT,LARGO,SL,2025-10-29 14:00:00+00:00,2025-10-29 18:00:00+00:00,4.0,-15985
SOL/USDT,LARGO,SL,2025-10-29 14:00:00+00:00,2025-10-29 18:00:00+00:00,4.0,-15985
SOL/USDT,CORTO,TP,2025-10-29 18:00:00+00:00,2025-10-30 12:00:00+00:00,18.0,14492
ETH/USDT,CORTO,TP,2025-10-31 18:00:00+00:00,2025-11-03 03:00:00+00:00,57.0,14492
DOGE/USDT,CORTO,TP,2025-10-31 18:00:00+00:00,2025-11-03 03:00:00+00:00,57.0,14492
SOL/USDT,CORTO,TP,2025-11-02 14:00:00+00:00,2025-11-03 03:00:00+00:00,13.0,14492
XRP/USDT,CORTO,TP,2025-11-01 14:00:00+00:00,2025-11-03 06:00:00+00:00,40.0,14492
ETH/USDT,CORTO,TP,2025-11-06 10:00:00+00:00,2025-11-06 15:00:00+00:00,5.0,14492
DOGE/USDT,CORTO,TP,2025-11-06 10:00:00+00:00,2025-11-06 16:00:00+00:00,6.0,14492
SOL/USDT,CORTO,TP,2025-11-06 10:00:00+00:00,2025-11-06 16:00:00+00:00,6.0,14492
XRP/USDT,CORTO,TP,2025-11-06 14:00:00+00:00,2025-11-06 20:00:00+00:00,6.0,14492
SOL/USDT,CORTO,SL,2025-11-08 18:00:00+00:00,2025-11-09 14:00:00+00:00,20.0,-15492
ETH/USDT,CORTO,SL,2025-11-09 02:00:00+00:00,2025-11-09 14:00:00+00:00,12.0,-15492
DOGE/USDT,CORTO,SL,2025-11-09 02:00:00+00:00,2025-11-09 14:00:00+00:00,12.0,-15492
XRP/USDT,CORTO,SL,2025-11-08 18:00:00+00:00,2025-11-09 19:00:00+00:00,25.0,-15492
ETH/USDT,CORTO,SL,2025-11-09 14:00:00+00:00,2025-11-09 23:00:00+00:00,9.0,-15492
DOGE/USDT,LARGO,TP,2025-11-09 14:00:00+00:00,2025-11-10 00:00:00+00:00,10.0,13985
ETH/USDT,LARGO,SL,2025-11-12 14:00:00+00:00,2025-11-12 16:00:00+00:00,2.0,-15985
ETH/USDT,CORTO,SL,2025-11-12 18:00:00+00:00,2025-11-13 05:00:00+00:00,11.0,-15492
ETH/USDT,LARGO,SL,2025-11-13 06:00:00+00:00,2025-11-13 13:00:00+00:00,7.0,-15985
XRP/USDT,LARGO,SL,2025-11-13 06:00:00+00:00,2025-11-13 15:00:00+00:00,9.0,-15985
DOGE/USDT,LARGO,SL,2025-11-13 06:00:00+00:00,2025-11-13 16:00:00+00:00,10.0,-15985
XRP/USDT,CORTO,TP,2025-11-13 18:00:00+00:00,2025-11-14 04:00:00+00:00,10.0,14492
ETH/USDT,CORTO,TP,2025-11-13 18:00:00+00:00,2025-11-14 04:00:00+00:00,10.0,14492
DOGE/USDT,CORTO,TP,2025-11-13 18:00:00+00:00,2025-11-14 12:00:00+00:00,18.0,14492
ETH/USDT,CORTO,TP,2025-11-15 22:00:00+00:00,2025-11-16 16:00:00+00:00,18.0,14492
DOGE/USDT,CORTO,TP,2025-11-16 14:00:00+00:00,2025-11-16 16:00:00+00:00,2.0,14492
SOL/USDT,CORTO,TP,2025-11-16 14:00:00+00:00,2025-11-16 16:00:00+00:00,2.0,14492
DOGE/USDT,CORTO,TP,2025-11-17 18:00:00+00:00,2025-11-18 00:00:00+00:00,6.0,14492
SOL/USDT,CORTO,SL,2025-11-17 18:00:00+00:00,2025-11-18 02:00:00+00:00,8.0,-15493
XRP/USDT,CORTO,SL,2025-11-17 18:00:00+00:00,2025-11-18 15:00:00+00:00,21.0,-15492
ETH/USDT,CORTO,SL,2025-11-17 18:00:00+00:00,2025-11-18 15:00:00+00:00,21.0,-15492
XRP/USDT,CORTO,TP,2025-11-19 06:00:00+00:00,2025-11-19 15:00:00+00:00,9.0,14492
ETH/USDT,CORTO,TP,2025-11-19 06:00:00+00:00,2025-11-19 16:00:00+00:00,10.0,14492
DOGE/USDT,CORTO,TP,2025-11-19 14:00:00+00:00,2025-11-19 16:00:00+00:00,2.0,14492
SOL/USDT,CORTO,TP,2025-11-19 14:00:00+00:00,2025-11-19 16:00:00+00:00,2.0,14492
SOL/USDT,LARGO,SL,2025-11-20 02:00:00+00:00,2025-11-20 14:00:00+00:00,12.0,-15985
DOGE/USDT,CORTO,SL,2025-11-20 18:00:00+00:00,2025-11-20 21:00:00+00:00,3.0,-15493
SOL/USDT,CORTO,SL,2025-11-20 18:00:00+00:00,2025-11-20 22:00:00+00:00,4.0,-15492
SOL/USDT,CORTO,SL,2025-11-24 10:00:00+00:00,2025-11-24 16:00:00+00:00,6.0,-15492
SOL/USDT,LARGO,SL,2025-11-24 18:00:00+00:00,2025-11-25 14:00:00+00:00,20.0,-15985
DOGE/USDT,CORTO,SL,2025-11-25 14:00:00+00:00,2025-11-25 17:00:00+00:00,3.0,-15492
DOGE/USDT,LARGO,TP,2025-11-25 18:00:00+00:00,2025-11-26 17:00:00+00:00,23.0,13985
XRP/USDT,LARGO,SL,2025-11-26 18:00:00+00:00,2025-11-27 12:00:00+00:00,18.0,-15985
DOGE/USDT,LARGO,SL,2025-11-26 18:00:00+00:00,2025-11-28 00:00:00+00:00,30.0,-15985
SOL/USDT,LARGO,SL,2025-11-26 18:00:00+00:00,2025-11-28 01:00:00+00:00,31.0,-15985
SOL/USDT,LARGO,SL,2025-11-28 14:00:00+00:00,2025-11-28 17:00:00+00:00,3.0,-15985
XRP/USDT,LARGO,SL,2025-11-27 18:00:00+00:00,2025-11-28 18:00:00+00:00,24.0,-15985
SOL/USDT,LARGO,SL,2025-11-30 14:00:00+00:00,2025-11-30 23:00:00+00:00,9.0,-15985
ETH/USDT,LARGO,SL,2025-11-26 18:00:00+00:00,2025-12-01 00:00:00+00:00,102.0,-15985
XRP/USDT,LARGO,SL,2025-11-29 14:00:00+00:00,2025-12-01 00:00:00+00:00,34.0,-15985
DOGE/USDT,LARGO,SL,2025-11-30 14:00:00+00:00,2025-12-01 00:00:00+00:00,10.0,-15985
DOGE/USDT,CORTO,TP,2025-12-01 02:00:00+00:00,2025-12-01 12:00:00+00:00,10.0,14492
ETH/USDT,CORTO,TP,2025-12-01 02:00:00+00:00,2025-12-01 15:00:00+00:00,13.0,14492
SOL/USDT,CORTO,TP,2025-12-01 02:00:00+00:00,2025-12-01 15:00:00+00:00,13.0,14492
ETH/USDT,CORTO,SL,2025-12-02 14:00:00+00:00,2025-12-02 15:00:00+00:00,1.0,-15492
DOGE/USDT,CORTO,SL,2025-12-02 14:00:00+00:00,2025-12-02 15:00:00+00:00,1.0,-15492
SOL/USDT,CORTO,SL,2025-12-02 14:00:00+00:00,2025-12-02 15:00:00+00:00,1.0,-15492
DOGE/USDT,CORTO,SL,2025-12-02 18:00:00+00:00,2025-12-03 05:00:00+00:00,11.0,-15492
XRP/USDT,LARGO,SL,2025-12-02 18:00:00+00:00,2025-12-04 18:00:00+00:00,48.0,-15985
XRP/USDT,CORTO,SL,2025-12-07 10:00:00+00:00,2025-12-07 17:00:00+00:00,7.0,-15492
ETH/USDT,LARGO,SL,2025-12-07 18:00:00+00:00,2025-12-07 22:00:00+00:00,4.0,-15985
SOL/USDT,LARGO,SL,2025-12-07 18:00:00+00:00,2025-12-07 22:00:00+00:00,4.0,-15985
DOGE/USDT,CORTO,SL,2025-12-08 02:00:00+00:00,2025-12-08 09:00:00+00:00,7.0,-15493
SOL/USDT,CORTO,SL,2025-12-08 22:00:00+00:00,2025-12-09 15:00:00+00:00,17.0,-15492
DOGE/USDT,CORTO,SL,2025-12-09 06:00:00+00:00,2025-12-09 15:00:00+00:00,9.0,-15492
XRP/USDT,CORTO,SL,2025-12-09 02:00:00+00:00,2025-12-09 16:00:00+00:00,14.0,-15492
SOL/USDT,LARGO,SL,2025-12-09 18:00:00+00:00,2025-12-09 21:00:00+00:00,3.0,-15985
DOGE/USDT,LARGO,SL,2025-12-09 18:00:00+00:00,2025-12-10 00:00:00+00:00,6.0,-15985
XRP/USDT,LARGO,SL,2025-12-09 18:00:00+00:00,2025-12-10 02:00:00+00:00,8.0,-15985
SOL/USDT,LARGO,SL,2025-12-10 22:00:00+00:00,2025-12-11 00:00:00+00:00,2.0,-15985
DOGE/USDT,CORTO,TP,2025-12-10 22:00:00+00:00,2025-12-11 01:00:00+00:00,3.0,14492
XRP/USDT,CORTO,TP,2025-12-10 10:00:00+00:00,2025-12-11 02:00:00+00:00,16.0,14492
SOL/USDT,CORTO,SL,2025-12-11 02:00:00+00:00,2025-12-11 18:00:00+00:00,16.0,-15493
ETH/USDT,LARGO,TP,2025-12-11 14:00:00+00:00,2025-12-11 21:00:00+00:00,7.0,13985
ETH/USDT,LARGO,SL,2025-12-12 06:00:00+00:00,2025-12-12 15:00:00+00:00,9.0,-15985
SOL/USDT,LARGO,SL,2025-12-11 22:00:00+00:00,2025-12-12 16:00:00+00:00,18.0,-15985
SOL/USDT,CORTO,TP,2025-12-12 18:00:00+00:00,2025-12-14 23:00:00+00:00,53.0,14492
ETH/USDT,CORTO,SL,2025-12-12 18:00:00+00:00,2025-12-15 10:00:00+00:00,64.0,-15492
XRP/USDT,CORTO,TP,2025-12-12 18:00:00+00:00,2025-12-15 14:00:00+00:00,68.0,14492
DOGE/USDT,CORTO,TP,2025-12-12 18:00:00+00:00,2025-12-15 15:00:00+00:00,69.0,14492
SOL/USDT,CORTO,SL,2025-12-15 18:00:00+00:00,2025-12-16 10:00:00+00:00,16.0,-15492
XRP/USDT,CORTO,SL,2025-12-17 10:00:00+00:00,2025-12-17 14:00:00+00:00,4.0,-15492
SOL/USDT,CORTO,SL,2025-12-17 10:00:00+00:00,2025-12-17 14:00:00+00:00,4.0,-15492
ETH/USDT,CORTO,SL,2025-12-15 18:00:00+00:00,2025-12-17 15:00:00+00:00,45.0,-15492
DOGE/USDT,CORTO,SL,2025-12-17 06:00:00+00:00,2025-12-17 15:00:00+00:00,9.0,-15493
SOL/USDT,LARGO,SL,2025-12-17 14:00:00+00:00,2025-12-17 15:00:00+00:00,1.0,-15985
XRP/USDT,CORTO,SL,2025-12-17 18:00:00+00:00,2025-12-18 13:00:00+00:00,19.0,-15492
DOGE/USDT,CORTO,SL,2025-12-17 18:00:00+00:00,2025-12-18 13:00:00+00:00,19.0,-15492
SOL/USDT,CORTO,SL,2025-12-17 18:00:00+00:00,2025-12-18 13:00:00+00:00,19.0,-15492
SOL/USDT,CORTO,TP,2025-12-18 18:00:00+00:00,2025-12-18 19:00:00+00:00,1.0,14492
XRP/USDT,CORTO,TP,2025-12-18 18:00:00+00:00,2025-12-19 00:00:00+00:00,6.0,14492
ETH/USDT,CORTO,SL,2025-12-18 22:00:00+00:00,2025-12-19 03:00:00+00:00,5.0,-15492
DOGE/USDT,CORTO,SL,2025-12-18 18:00:00+00:00,2025-12-19 07:00:00+00:00,13.0,-15492
DOGE/USDT,CORTO,SL,2025-12-21 14:00:00+00:00,2025-12-22 00:00:00+00:00,10.0,-15493
SOL/USDT,CORTO,SL,2025-12-21 02:00:00+00:00,2025-12-22 15:00:00+00:00,37.0,-15492
XRP/USDT,CORTO,TP,2025-12-21 18:00:00+00:00,2025-12-24 02:00:00+00:00,56.0,14492
SOL/USDT,CORTO,TP,2025-12-22 22:00:00+00:00,2025-12-24 02:00:00+00:00,28.0,14492
DOGE/USDT,LARGO,SL,2025-12-22 06:00:00+00:00,2025-12-24 03:00:00+00:00,45.0,-15985
SOL/USDT,CORTO,SL,2025-12-26 02:00:00+00:00,2025-12-29 00:00:00+00:00,70.0,-15492
ETH/USDT,LARGO,TP,2025-12-25 02:00:00+00:00,2025-12-29 03:00:00+00:00,97.0,13985
DOGE/USDT,CORTO,TP,2025-12-29 02:00:00+00:00,2025-12-29 12:00:00+00:00,10.0,14492
ETH/USDT,CORTO,SL,2025-12-29 14:00:00+00:00,2025-12-31 14:00:00+00:00,48.0,-15492
SOL/USDT,CORTO,SL,2025-12-29 14:00:00+00:00,2025-12-31 14:00:00+00:00,48.0,-15492
DOGE/USDT,CORTO,TP,2025-12-29 18:00:00+00:00,2025-12-31 16:00:00+00:00,46.0,14492
XRP/USDT,CORTO,TP,2025-12-25 14:00:00+00:00,2025-12-31 20:00:00+00:00,150.0,14492
DOGE/USDT,LARGO,TP,2026-01-01 18:00:00+00:00,2026-01-02 03:00:00+00:00,9.0,13985
SOL/USDT,LARGO,TP,2026-01-01 22:00:00+00:00,2026-01-02 09:00:00+00:00,11.0,13985
XRP/USDT,LARGO,TP,2026-01-01 18:00:00+00:00,2026-01-02 15:00:00+00:00,21.0,13985
DOGE/USDT,LARGO,SL,2026-01-05 18:00:00+00:00,2026-01-06 16:00:00+00:00,22.0,-15985
XRP/USDT,LARGO,SL,2026-01-08 06:00:00+00:00,2026-01-12 00:00:00+00:00,90.0,-15985
SOL/USDT,LARGO,TP,2026-01-08 18:00:00+00:00,2026-01-12 02:00:00+00:00,80.0,13985
DOGE/USDT,CORTO,SL,2026-01-11 18:00:00+00:00,2026-01-13 16:00:00+00:00,46.0,-15492
ETH/USDT,CORTO,SL,2026-01-12 14:00:00+00:00,2026-01-13 18:00:00+00:00,28.0,-15492
SOL/USDT,LARGO,TP,2026-01-13 10:00:00+00:00,2026-01-13 22:00:00+00:00,12.0,13985
SOL/USDT,LARGO,SL,2026-01-15 10:00:00+00:00,2026-01-15 19:00:00+00:00,9.0,-15985
XRP/USDT,CORTO,TP,2026-01-15 02:00:00+00:00,2026-01-16 15:00:00+00:00,37.0,14492
SOL/USDT,LARGO,SL,2026-01-16 22:00:00+00:00,2026-01-18 23:00:00+00:00,49.0,-15985
XRP/USDT,CORTO,TP,2026-01-18 02:00:00+00:00,2026-01-18 23:00:00+00:00,21.0,14492
DOGE/USDT,CORTO,TP,2026-01-18 02:00:00+00:00,2026-01-18 23:00:00+00:00,21.0,14492
ETH/USDT,LARGO,SL,2026-01-17 14:00:00+00:00,2026-01-19 00:00:00+00:00,34.0,-15985
ETH/USDT,CORTO,TP,2026-01-19 02:00:00+00:00,2026-01-20 08:00:00+00:00,30.0,14492
DOGE/USDT,CORTO,TP,2026-01-22 14:00:00+00:00,2026-01-25 16:00:00+00:00,74.0,14492
XRP/USDT,CORTO,TP,2026-01-22 18:00:00+00:00,2026-01-25 16:00:00+00:00,70.0,14492
SOL/USDT,CORTO,TP,2026-01-22 18:00:00+00:00,2026-01-25 16:00:00+00:00,70.0,14492
ETH/USDT,CORTO,TP,2026-01-22 14:00:00+00:00,2026-01-25 18:00:00+00:00,76.0,14492
DOGE/USDT,CORTO,SL,2026-01-27 14:00:00+00:00,2026-01-27 16:00:00+00:00,2.0,-15493
XRP/USDT,CORTO,SL,2026-01-27 10:00:00+00:00,2026-01-28 11:00:00+00:00,25.0,-15492
SOL/USDT,CORTO,TP,2026-01-28 22:00:00+00:00,2026-01-29 14:00:00+00:00,16.0,14492
XRP/USDT,CORTO,TP,2026-01-29 02:00:00+00:00,2026-01-29 15:00:00+00:00,13.0,14492
DOGE/USDT,CORTO,TP,2026-01-29 02:00:00+00:00,2026-01-29 15:00:00+00:00,13.0,14492
SOL/USDT,CORTO,TP,2026-01-31 10:00:00+00:00,2026-01-31 14:00:00+00:00,4.0,14492
ETH/USDT,CORTO,TP,2026-02-03 10:00:00+00:00,2026-02-03 17:00:00+00:00,7.0,14492
XRP/USDT,CORTO,TP,2026-02-03 02:00:00+00:00,2026-02-03 18:00:00+00:00,16.0,14492
SOL/USDT,CORTO,TP,2026-02-03 14:00:00+00:00,2026-02-03 18:00:00+00:00,4.0,14492
DOGE/USDT,CORTO,SL,2026-02-03 18:00:00+00:00,2026-02-03 19:00:00+00:00,1.0,-15492
DOGE/USDT,CORTO,TP,2026-02-03 22:00:00+00:00,2026-02-04 15:00:00+00:00,17.0,14492
XRP/USDT,CORTO,SL,2026-02-06 14:00:00+00:00,2026-02-06 15:00:00+00:00,1.0,-15492
DOGE/USDT,CORTO,SL,2026-02-07 14:00:00+00:00,2026-02-07 16:00:00+00:00,2.0,-15493
XRP/USDT,CORTO,SL,2026-02-07 14:00:00+00:00,2026-02-07 18:00:00+00:00,4.0,-15492
XRP/USDT,CORTO,SL,2026-02-08 06:00:00+00:00,2026-02-08 08:00:00+00:00,2.0,-15492
DOGE/USDT,CORTO,TP,2026-02-08 18:00:00+00:00,2026-02-09 08:00:00+00:00,14.0,14492
SOL/USDT,CORTO,TP,2026-02-09 02:00:00+00:00,2026-02-09 08:00:00+00:00,6.0,14492
XRP/USDT,CORTO,SL,2026-02-09 10:00:00+00:00,2026-02-09 14:00:00+00:00,4.0,-15492
ETH/USDT,CORTO,SL,2026-02-09 10:00:00+00:00,2026-02-09 16:00:00+00:00,6.0,-15493
SOL/USDT,CORTO,TP,2026-02-10 06:00:00+00:00,2026-02-10 21:00:00+00:00,15.0,14492
ETH/USDT,CORTO,TP,2026-02-10 06:00:00+00:00,2026-02-11 06:00:00+00:00,24.0,14492
DOGE/USDT,CORTO,TP,2026-02-10 06:00:00+00:00,2026-02-11 06:00:00+00:00,24.0,14492
XRP/USDT,CORTO,TP,2026-02-10 10:00:00+00:00,2026-02-11 06:00:00+00:00,20.0,14492
SOL/USDT,CORTO,SL,2026-02-12 18:00:00+00:00,2026-02-13 09:00:00+00:00,15.0,-15492
ETH/USDT,CORTO,SL,2026-02-12 18:00:00+00:00,2026-02-13 13:00:00+00:00,19.0,-15492
XRP/USDT,CORTO,SL,2026-02-12 18:00:00+00:00,2026-02-13 15:00:00+00:00,21.0,-15492
DOGE/USDT,CORTO,SL,2026-02-12 22:00:00+00:00,2026-02-13 15:00:00+00:00,17.0,-15492
ETH/USDT,CORTO,TP,2026-02-15 14:00:00+00:00,2026-02-15 19:00:00+00:00,5.0,14492
SOL/USDT,LARGO,SL,2026-02-17 02:00:00+00:00,2026-02-17 12:00:00+00:00,10.0,-15985
SOL/USDT,CORTO,SL,2026-02-17 14:00:00+00:00,2026-02-17 19:00:00+00:00,5.0,-15492
XRP/USDT,LARGO,SL,2026-02-18 06:00:00+00:00,2026-02-18 19:00:00+00:00,13.0,-15985
DOGE/USDT,LARGO,SL,2026-02-18 06:00:00+00:00,2026-02-18 19:00:00+00:00,13.0,-15985
ETH/USDT,CORTO,TP,2026-02-17 06:00:00+00:00,2026-02-19 13:00:00+00:00,55.0,14492
DOGE/USDT,CORTO,SL,2026-02-20 14:00:00+00:00,2026-02-20 16:00:00+00:00,2.0,-15492
DOGE/USDT,LARGO,SL,2026-02-20 18:00:00+00:00,2026-02-21 23:00:00+00:00,29.0,-15985
XRP/USDT,CORTO,TP,2026-02-22 06:00:00+00:00,2026-02-22 20:00:00+00:00,14.0,14492
ETH/USDT,CORTO,TP,2026-02-20 14:00:00+00:00,2026-02-23 01:00:00+00:00,59.0,14492
SOL/USDT,CORTO,TP,2026-02-22 14:00:00+00:00,2026-02-23 01:00:00+00:00,11.0,14492
DOGE/USDT,CORTO,TP,2026-02-23 18:00:00+00:00,2026-02-24 13:00:00+00:00,19.0,14492
DOGE/USDT,CORTO,SL,2026-02-25 06:00:00+00:00,2026-02-25 12:00:00+00:00,6.0,-15492
ETH/USDT,CORTO,SL,2026-02-25 02:00:00+00:00,2026-02-25 14:00:00+00:00,12.0,-15492
SOL/USDT,CORTO,SL,2026-02-25 02:00:00+00:00,2026-02-25 14:00:00+00:00,12.0,-15492
DOGE/USDT,CORTO,SL,2026-02-26 18:00:00+00:00,2026-02-27 04:00:00+00:00,10.0,-15492
SOL/USDT,LARGO,SL,2026-02-27 06:00:00+00:00,2026-02-27 10:00:00+00:00,4.0,-15985
ETH/USDT,LARGO,SL,2026-02-27 06:00:00+00:00,2026-02-27 11:00:00+00:00,5.0,-15985
XRP/USDT,CORTO,TP,2026-02-26 18:00:00+00:00,2026-02-27 16:00:00+00:00,22.0,14492
SOL/USDT,CORTO,TP,2026-02-27 14:00:00+00:00,2026-02-28 06:00:00+00:00,16.0,14492
SOL/USDT,LARGO,TP,2026-02-28 22:00:00+00:00,2026-03-01 01:00:00+00:00,3.0,13985
ETH/USDT,LARGO,TP,2026-02-28 22:00:00+00:00,2026-03-01 02:00:00+00:00,4.0,13985
SOL/USDT,CORTO,SL,2026-03-01 22:00:00+00:00,2026-03-02 00:00:00+00:00,2.0,-15492
ETH/USDT,CORTO,SL,2026-03-01 22:00:00+00:00,2026-03-02 01:00:00+00:00,3.0,-15492
DOGE/USDT,CORTO,SL,2026-03-01 18:00:00+00:00,2026-03-02 15:00:00+00:00,21.0,-15492
XRP/USDT,CORTO,SL,2026-03-01 22:00:00+00:00,2026-03-02 15:00:00+00:00,17.0,-15492
DOGE/USDT,LARGO,SL,2026-03-02 18:00:00+00:00,2026-03-03 02:00:00+00:00,8.0,-15985
XRP/USDT,LARGO,SL,2026-03-02 18:00:00+00:00,2026-03-03 06:00:00+00:00,12.0,-15985
ETH/USDT,LARGO,SL,2026-03-02 18:00:00+00:00,2026-03-03 08:00:00+00:00,14.0,-15985
SOL/USDT,LARGO,SL,2026-03-02 18:00:00+00:00,2026-03-03 08:00:00+00:00,14.0,-15985
DOGE/USDT,CORTO,TP,2026-03-03 06:00:00+00:00,2026-03-03 14:00:00+00:00,8.0,14492
XRP/USDT,CORTO,SL,2026-03-03 10:00:00+00:00,2026-03-04 08:00:00+00:00,22.0,-15492
SOL/USDT,LARGO,TP,2026-03-04 02:00:00+00:00,2026-03-04 08:00:00+00:00,6.0,13985
XRP/USDT,LARGO,TP,2026-03-04 10:00:00+00:00,2026-03-04 15:00:00+00:00,5.0,13985
ETH/USDT,LARGO,TP,2026-03-04 10:00:00+00:00,2026-03-04 15:00:00+00:00,5.0,13985
DOGE/USDT,CORTO,TP,2026-03-05 18:00:00+00:00,2026-03-06 14:00:00+00:00,20.0,14492
DOGE/USDT,CORTO,SL,2026-03-11 06:00:00+00:00,2026-03-11 13:00:00+00:00,7.0,-15492
SOL/USDT,CORTO,SL,2026-03-11 06:00:00+00:00,2026-03-13 00:00:00+00:00,42.0,-15492
ETH/USDT,LARGO,TP,2026-03-11 14:00:00+00:00,2026-03-13 00:00:00+00:00,34.0,13985
DOGE/USDT,LARGO,TP,2026-03-11 22:00:00+00:00,2026-03-13 00:00:00+00:00,26.0,13985
XRP/USDT,LARGO,TP,2026-03-11 18:00:00+00:00,2026-03-13 13:00:00+00:00,43.0,13985
XRP/USDT,LARGO,TP,2026-03-15 02:00:00+00:00,2026-03-15 22:00:00+00:00,20.0,13985
ETH/USDT,LARGO,TP,2026-03-15 02:00:00+00:00,2026-03-15 22:00:00+00:00,20.0,13985
SOL/USDT,LARGO,TP,2026-03-15 06:00:00+00:00,2026-03-15 22:00:00+00:00,16.0,13985
DOGE/USDT,LARGO,TP,2026-03-15 02:00:00+00:00,2026-03-16 03:00:00+00:00,25.0,13985
DOGE/USDT,LARGO,SL,2026-03-17 22:00:00+00:00,2026-03-18 11:00:00+00:00,13.0,-15985
ETH/USDT,LARGO,SL,2026-03-18 14:00:00+00:00,2026-03-19 13:00:00+00:00,23.0,-15985
XRP/USDT,LARGO,SL,2026-03-18 14:00:00+00:00,2026-03-21 23:00:00+00:00,81.0,-15985
DOGE/USDT,CORTO,TP,2026-03-21 14:00:00+00:00,2026-03-21 23:00:00+00:00,9.0,14492
ETH/USDT,CORTO,TP,2026-03-22 02:00:00+00:00,2026-03-22 21:00:00+00:00,19.0,14492
SOL/USDT,CORTO,TP,2026-03-22 02:00:00+00:00,2026-03-22 21:00:00+00:00,19.0,14492
XRP/USDT,LARGO,SL,2026-03-23 14:00:00+00:00,2026-03-24 01:00:00+00:00,11.0,-15985
SOL/USDT,LARGO,SL,2026-03-23 14:00:00+00:00,2026-03-24 14:00:00+00:00,24.0,-15985
ETH/USDT,CORTO,TP,2026-03-23 14:00:00+00:00,2026-03-24 17:00:00+00:00,27.0,14492
SOL/USDT,CORTO,SL,2026-03-24 18:00:00+00:00,2026-03-25 00:00:00+00:00,6.0,-15492
ETH/USDT,CORTO,SL,2026-03-24 18:00:00+00:00,2026-03-25 08:00:00+00:00,14.0,-15492
DOGE/USDT,CORTO,SL,2026-03-23 14:00:00+00:00,2026-03-25 12:00:00+00:00,46.0,-15492
SOL/USDT,LARGO,SL,2026-03-25 02:00:00+00:00,2026-03-26 09:00:00+00:00,31.0,-15985
XRP/USDT,CORTO,TP,2026-03-24 14:00:00+00:00,2026-03-26 15:00:00+00:00,49.0,14492
ETH/USDT,CORTO,TP,2026-03-26 06:00:00+00:00,2026-03-26 15:00:00+00:00,9.0,14492
DOGE/USDT,CORTO,TP,2026-03-26 06:00:00+00:00,2026-03-27 10:00:00+00:00,28.0,14492
DOGE/USDT,LARGO,SL,2026-03-28 14:00:00+00:00,2026-03-28 23:00:00+00:00,9.0,-15985
XRP/USDT,CORTO,TP,2026-03-29 02:00:00+00:00,2026-03-29 22:00:00+00:00,20.0,14492
ETH/USDT,CORTO,TP,2026-03-29 02:00:00+00:00,2026-03-29 22:00:00+00:00,20.0,14492
DOGE/USDT,CORTO,TP,2026-03-29 06:00:00+00:00,2026-03-29 22:00:00+00:00,16.0,14492
SOL/USDT,CORTO,SL,2026-03-31 10:00:00+00:00,2026-03-31 16:00:00+00:00,6.0,-15492
DOGE/USDT,CORTO,SL,2026-03-30 22:00:00+00:00,2026-04-01 06:00:00+00:00,32.0,-15492
SOL/USDT,CORTO,TP,2026-04-01 22:00:00+00:00,2026-04-02 02:00:00+00:00,4.0,14492
XRP/USDT,CORTO,TP,2026-03-30 22:00:00+00:00,2026-04-02 13:00:00+00:00,63.0,14492
DOGE/USDT,CORTO,SL,2026-04-02 02:00:00+00:00,2026-04-04 19:00:00+00:00,65.0,-15492
ETH/USDT,CORTO,SL,2026-04-02 06:00:00+00:00,2026-04-05 23:00:00+00:00,89.0,-15492
SOL/USDT,CORTO,SL,2026-04-05 06:00:00+00:00,2026-04-05 23:00:00+00:00,17.0,-15492
DOGE/USDT,CORTO,SL,2026-04-05 06:00:00+00:00,2026-04-06 00:00:00+00:00,18.0,-15492
XRP/USDT,CORTO,SL,2026-04-04 02:00:00+00:00,2026-04-06 09:00:00+00:00,55.0,-15492
DOGE/USDT,LARGO,SL,2026-04-06 02:00:00+00:00,2026-04-06 23:00:00+00:00,21.0,-15985
SOL/USDT,LARGO,SL,2026-04-06 02:00:00+00:00,2026-04-06 23:00:00+00:00,21.0,-15985
SOL/USDT,CORTO,SL,2026-04-07 02:00:00+00:00,2026-04-07 20:00:00+00:00,18.0,-15492
XRP/USDT,CORTO,SL,2026-04-07 02:00:00+00:00,2026-04-07 22:00:00+00:00,20.0,-15492
SOL/USDT,LARGO,SL,2026-04-07 22:00:00+00:00,2026-04-08 14:00:00+00:00,16.0,-15985
DOGE/USDT,LARGO,SL,2026-04-07 22:00:00+00:00,2026-04-08 23:00:00+00:00,25.0,-15985
XRP/USDT,LARGO,SL,2026-04-07 22:00:00+00:00,2026-04-09 01:00:00+00:00,27.0,-15985
DOGE/USDT,CORTO,SL,2026-04-09 02:00:00+00:00,2026-04-09 22:00:00+00:00,20.0,-15492
ETH/USDT,LARGO,TP,2026-04-07 22:00:00+00:00,2026-04-11 18:00:00+00:00,92.0,13985
SOL/USDT,LARGO,SL,2026-04-09 18:00:00+00:00,2026-04-12 14:00:00+00:00,68.0,-15985
DOGE/USDT,LARGO,SL,2026-04-09 22:00:00+00:00,2026-04-12 14:00:00+00:00,64.0,-15985
ETH/USDT,LARGO,TP,2026-04-12 14:00:00+00:00,2026-04-13 19:00:00+00:00,29.0,13985
SOL/USDT,LARGO,TP,2026-04-13 14:00:00+00:00,2026-04-13 22:00:00+00:00,8.0,13985
DOGE/USDT,LARGO,TP,2026-04-13 14:00:00+00:00,2026-04-14 11:00:00+00:00,21.0,13985
XRP/USDT,LARGO,TP,2026-04-09 18:00:00+00:00,2026-04-15 19:00:00+00:00,145.0,13985
DOGE/USDT,LARGO,TP,2026-04-15 18:00:00+00:00,2026-04-16 16:00:00+00:00,22.0,13985
SOL/USDT,LARGO,TP,2026-04-15 18:00:00+00:00,2026-04-16 18:00:00+00:00,24.0,13985
ETH/USDT,LARGO,TP,2026-04-15 14:00:00+00:00,2026-04-17 13:00:00+00:00,47.0,13985
SOL/USDT,LARGO,SL,2026-04-18 18:00:00+00:00,2026-04-19 22:00:00+00:00,28.0,-15985
ETH/USDT,LARGO,SL,2026-04-19 06:00:00+00:00,2026-04-19 22:00:00+00:00,16.0,-15985
XRP/USDT,LARGO,TP,2026-04-19 22:00:00+00:00,2026-04-21 07:00:00+00:00,33.0,13985
ETH/USDT,LARGO,TP,2026-04-20 18:00:00+00:00,2026-04-22 05:00:00+00:00,35.0,13985
SOL/USDT,LARGO,TP,2026-04-20 18:00:00+00:00,2026-04-22 09:00:00+00:00,39.0,13985
DOGE/USDT,LARGO,TP,2026-04-20 18:00:00+00:00,2026-04-22 11:00:00+00:00,41.0,13985
DOGE/USDT,CORTO,SL,2026-04-23 02:00:00+00:00,2026-04-24 20:00:00+00:00,42.0,-15492
XRP/USDT,LARGO,SL,2026-04-22 02:00:00+00:00,2026-04-27 13:00:00+00:00,131.0,-15985
SOL/USDT,CORTO,TP,2026-04-23 02:00:00+00:00,2026-04-28 11:00:00+00:00,129.0,14492
DOGE/USDT,LARGO,TP,2026-04-26 06:00:00+00:00,2026-04-29 03:00:00+00:00,69.0,13985
ETH/USDT,CORTO,TP,2026-04-27 10:00:00+00:00,2026-04-29 18:00:00+00:00,56.0,14492
ETH/USDT,CORTO,SL,2026-04-29 18:00:00+00:00,2026-05-01 12:00:00+00:00,42.0,-15492
SOL/USDT,CORTO,SL,2026-04-29 18:00:00+00:00,2026-05-01 13:00:00+00:00,43.0,-15493
DOGE/USDT,LARGO,TP,2026-05-02 18:00:00+00:00,2026-05-04 01:00:00+00:00,31.0,13985
XRP/USDT,CORTO,SL,2026-04-29 14:00:00+00:00,2026-05-04 02:00:00+00:00,108.0,-15492
SOL/USDT,CORTO,SL,2026-05-03 06:00:00+00:00,2026-05-05 19:00:00+00:00,61.0,-15492
XRP/USDT,LARGO,TP,2026-05-05 06:00:00+00:00,2026-05-06 09:00:00+00:00,27.0,13985
DOGE/USDT,LARGO,SL,2026-05-07 02:00:00+00:00,2026-05-07 15:00:00+00:00,13.0,-15985
SOL/USDT,LARGO,TP,2026-05-08 14:00:00+00:00,2026-05-08 17:00:00+00:00,3.0,13985
XRP/USDT,LARGO,TP,2026-05-08 18:00:00+00:00,2026-05-10 16:00:00+00:00,46.0,13985
DOGE/USDT,CORTO,SL,2026-05-10 02:00:00+00:00,2026-05-10 22:00:00+00:00,20.0,-15492
ETH/USDT,CORTO,TP,2026-05-11 10:00:00+00:00,2026-05-12 15:00:00+00:00,29.0,14492
DOGE/USDT,CORTO,SL,2026-05-12 10:00:00+00:00,2026-05-13 04:00:00+00:00,18.0,-15492
XRP/USDT,LARGO,TP,2026-05-13 06:00:00+00:00,2026-05-14 17:00:00+00:00,35.0,13985
SOL/USDT,LARGO,SL,2026-05-14 18:00:00+00:00,2026-05-15 05:00:00+00:00,11.0,-15985
SOL/USDT,CORTO,TP,2026-05-15 06:00:00+00:00,2026-05-16 04:00:00+00:00,22.0,14492
ETH/USDT,CORTO,TP,2026-05-13 14:00:00+00:00,2026-05-16 07:00:00+00:00,65.0,14492
DOGE/USDT,CORTO,TP,2026-05-18 02:00:00+00:00,2026-05-18 15:00:00+00:00,13.0,14492
SOL/USDT,CORTO,SL,2026-05-19 10:00:00+00:00,2026-05-21 08:00:00+00:00,46.0,-15492
ETH/USDT,CORTO,TP,2026-05-21 14:00:00+00:00,2026-05-22 19:00:00+00:00,29.0,14492
XRP/USDT,CORTO,TP,2026-05-20 22:00:00+00:00,2026-05-23 07:00:00+00:00,57.0,14492
SOL/USDT,CORTO,TP,2026-05-22 18:00:00+00:00,2026-05-23 07:00:00+00:00,13.0,14492
DOGE/USDT,CORTO,TP,2026-05-22 22:00:00+00:00,2026-05-23 07:00:00+00:00,9.0,14492
ETH/USDT,CORTO,TP,2026-05-24 22:00:00+00:00,2026-05-27 21:00:00+00:00,71.0,14492
SOL/USDT,CORTO,TP,2026-05-24 22:00:00+00:00,2026-05-27 21:00:00+00:00,71.0,14492
XRP/USDT,CORTO,TP,2026-05-24 22:00:00+00:00,2026-05-27 23:00:00+00:00,73.0,14492
DOGE/USDT,CORTO,TP,2026-05-24 18:00:00+00:00,2026-05-28 03:00:00+00:00,81.0,14492
XRP/USDT,CORTO,SL,2026-05-29 14:00:00+00:00,2026-05-30 00:00:00+00:00,10.0,-15492
XRP/USDT,CORTO,TP,2026-05-31 14:00:00+00:00,2026-06-01 13:00:00+00:00,23.0,14492
SOL/USDT,CORTO,TP,2026-05-29 14:00:00+00:00,2026-06-02 09:00:00+00:00,91.0,14492
DOGE/USDT,CORTO,TP,2026-05-29 14:00:00+00:00,2026-06-02 14:00:00+00:00,96.0,14492
ETH/USDT,CORTO,TP,2026-05-31 14:00:00+00:00,2026-06-02 14:00:00+00:00,48.0,14492
ETH/USDT,CORTO,TP,2026-06-07 22:00:00+00:00,2026-06-09 16:00:00+00:00,42.0,14492
XRP/USDT,CORTO,TP,2026-06-09 14:00:00+00:00,2026-06-10 09:00:00+00:00,19.0,14492
SOL/USDT,CORTO,TP,2026-06-09 14:00:00+00:00,2026-06-10 09:00:00+00:00,19.0,14492
DOGE/USDT,CORTO,TP,2026-06-09 14:00:00+00:00,2026-06-10 21:00:00+00:00,31.0,14492
XRP/USDT,CORTO,SL,2026-06-11 14:00:00+00:00,2026-06-11 18:00:00+00:00,4.0,-15492
XRP/USDT,LARGO,TP,2026-06-13 02:00:00+00:00,2026-06-14 21:00:00+00:00,43.0,13985
DOGE/USDT,LARGO,TP,2026-06-13 10:00:00+00:00,2026-06-15 11:00:00+00:00,49.0,13985
XRP/USDT,LARGO,TP,2026-06-14 22:00:00+00:00,2026-06-15 11:00:00+00:00,13.0,13985
SOL/USDT,LARGO,TP,2026-06-14 22:00:00+00:00,2026-06-15 11:00:00+00:00,13.0,13985
ETH/USDT,LARGO,TP,2026-06-14 22:00:00+00:00,2026-06-15 12:00:00+00:00,14.0,13985
ETH/USDT,LARGO,TP,2026-06-20 06:00:00+00:00,2026-06-22 13:00:00+00:00,55.0,13985
DOGE/USDT,CORTO,TP,2026-06-21 06:00:00+00:00,2026-06-23 06:00:00+00:00,48.0,14492
XRP/USDT,CORTO,TP,2026-06-21 18:00:00+00:00,2026-06-23 06:00:00+00:00,36.0,14492
ETH/USDT,CORTO,TP,2026-06-22 22:00:00+00:00,2026-06-23 08:00:00+00:00,10.0,14492
SOL/USDT,CORTO,SL,2026-06-25 14:00:00+00:00,2026-06-25 23:00:00+00:00,9.0,-15493
ETH/USDT,CORTO,TP,2026-06-25 14:00:00+00:00,2026-06-26 02:00:00+00:00,12.0,14492
DOGE/USDT,CORTO,TP,2026-06-27 22:00:00+00:00,2026-06-28 21:00:00+00:00,23.0,14492
SOL/USDT,CORTO,SL,2026-06-28 02:00:00+00:00,2026-06-29 03:00:00+00:00,25.0,-15492
ETH/USDT,CORTO,SL,2026-06-28 02:00:00+00:00,2026-06-29 17:00:00+00:00,39.0,-15492
ETH/USDT,CORTO,TP,2026-06-29 18:00:00+00:00,2026-06-30 12:00:00+00:00,18.0,14492
DOGE/USDT,CORTO,TP,2026-06-30 02:00:00+00:00,2026-06-30 12:00:00+00:00,10.0,14492
SOL/USDT,LARGO,TP,2026-07-01 02:00:00+00:00,2026-07-01 14:00:00+00:00,12.0,13985
ETH/USDT,CORTO,SL,2026-07-01 10:00:00+00:00,2026-07-01 15:00:00+00:00,5.0,-15492
XRP/USDT,CORTO,SL,2026-06-28 02:00:00+00:00,2026-07-02 09:00:00+00:00,103.0,-15492
DOGE/USDT,LARGO,SL,2026-07-05 18:00:00+00:00,2026-07-06 12:00:00+00:00,18.0,-15985
XRP/USDT,LARGO,SL,2026-07-05 22:00:00+00:00,2026-07-06 12:00:00+00:00,14.0,-15985
SOL/USDT,LARGO,SL,2026-07-05 22:00:00+00:00,2026-07-06 12:00:00+00:00,14.0,-15985
ETH/USDT,LARGO,TP,2026-07-05 14:00:00+00:00,2026-07-06 21:00:00+00:00,31.0,13985
XRP/USDT,LARGO,SL,2026-07-06 22:00:00+00:00,2026-07-07 14:00:00+00:00,16.0,-15985
SOL/USDT,LARGO,SL,2026-07-06 18:00:00+00:00,2026-07-08 01:00:00+00:00,31.0,-15985
ETH/USDT,LARGO,SL,2026-07-07 18:00:00+00:00,2026-07-08 08:00:00+00:00,14.0,-15985
ETH/USDT,LARGO,TP,2026-07-09 10:00:00+00:00,2026-07-10 10:00:00+00:00,24.0,13985
SOL/USDT,CORTO,TP,2026-07-10 18:00:00+00:00,2026-07-13 13:00:00+00:00,67.0,14492
ETH/USDT,LARGO,SL,2026-07-12 14:00:00+00:00,2026-07-13 13:00:00+00:00,23.0,-15985
XRP/USDT,CORTO,TP,2026-07-09 18:00:00+00:00,2026-07-13 17:00:00+00:00,95.0,14492
DOGE/USDT,CORTO,TP,2026-07-12 02:00:00+00:00,2026-07-13 17:00:00+00:00,39.0,14492
ETH/USDT,LARGO,TP,2026-07-14 10:00:00+00:00,2026-07-14 12:00:00+00:00,2.0,13985
DOGE/USDT,LARGO,SL,2026-07-14 14:00:00+00:00,2026-07-16 23:00:00+00:00,57.0,-15985
SOL/USDT,CORTO,TP,2026-07-16 02:00:00+00:00,2026-07-17 02:00:00+00:00,24.0,14492
XRP/USDT,LARGO,SL,2026-07-14 14:00:00+00:00,2026-07-17 13:00:00+00:00,71.0,-15985
ETH/USDT,LARGO,TP,2026-07-17 02:00:00+00:00,2026-07-20 15:00:00+00:00,85.0,13985
XRP/USDT,CORTO,SL,2026-07-20 06:00:00+00:00,2026-07-20 18:00:00+00:00,12.0,-15492
SOL/USDT,CORTO,SL,2026-07-19 02:00:00+00:00,2026-07-21 03:00:00+00:00,49.0,-15492
XRP/USDT,LARGO,TP,2026-07-20 18:00:00+00:00,2026-07-21 14:00:00+00:00,20.0,13985
DOGE/USDT,CORTO,TP,2026-07-18 06:00:00+00:00,2026-07-23 13:00:00+00:00,127.0,14492
SOL/USDT,LARGO,SL,2026-07-22 18:00:00+00:00,2026-07-24 02:00:00+00:00,32.0,-15985
XRP/USDT,CORTO,TP,2026-07-27 14:00:00+00:00,2026-07-28 01:00:00+00:00,11.0,14492
DOGE/USDT,CORTO,TP,2026-07-27 14:00:00+00:00,2026-07-28 13:00:00+00:00,23.0,14492
ETH/USDT,CORTO,SL,2026-07-28 02:00:00+00:00,2026-07-29 18:00:00+00:00,40.0,-15492
DOGE/USDT,CORTO,TP,2026-07-29 10:00:00+00:00,2026-07-31 14:00:00+00:00,52.0,14492
ETH/USDT,LARGO,SL,2026-07-30 10:00:00+00:00,2026-07-31 14:00:00+00:00,28.0,-15985
SOL/USDT,CORTO,TP,2026-07-27 22:00:00+00:00,2026-08-01 17:00:00+00:00,115.0,14492
DOGE/USDT,CORTO,TP,2026-08-01 10:00:00+00:00,2026-08-01 18:00:00+00:00,8.0,14492
DOGE/USDT,CORTO,SL,2026-08-01 18:00:00+00:00,2026-08-02 05:00:00+00:00,11.0,-15492
ETH/USDT,CORTO,SL,2026-08-02 14:00:00+00:00,2026-08-05 17:00:00+00:00,75.0,-15492
SOL/USDT,CORTO,SL,2026-08-03 06:00:00+00:00,2026-08-05 18:00:00+00:00,60.0,-15492
XRP/USDT,CORTO,TP,2026-07-29 22:00:00+00:00,2026-08-06 02:00:00+00:00,172.0,14492
DOGE/USDT,CORTO,SL,2026-08-03 06:00:00+00:00,2026-08-08 14:00:00+00:00,128.0,-15492
SOL/USDT,LARGO,TP,2026-08-07 14:00:00+00:00,2026-08-08 14:00:00+00:00,24.0,13985
XRP/USDT,CORTO,TP,2026-08-09 10:00:00+00:00,2026-08-10 22:00:00+00:00,36.0,14492
ETH/USDT,LARGO,SL,2026-08-07 10:00:00+00:00,2026-08-11 15:00:00+00:00,101.0,-15985
DOGE/USDT,LARGO,TP,2026-08-09 18:00:00+00:00,2026-08-11 22:00:00+00:00,52.0,13985
SOL/USDT,LARGO,SL,2026-08-12 02:00:00+00:00,2026-08-16 21:00:00+00:00,115.0,-15985
ETH/USDT,CORTO,SL,2026-08-12 22:00:00+00:00,2026-08-19 12:00:00+00:00,158.0,-15492
XRP/USDT,CORTO,SL,2026-08-12 18:00:00+00:00,2026-08-19 15:00:00+00:00,165.0,-15492
DOGE/USDT,LARGO,TP,2026-08-15 02:00:00+00:00,2026-08-19 15:00:00+00:00,109.0,13985
XRP/USDT,LARGO,TP,2026-08-23 10:00:00+00:00,2026-08-23 13:00:00+00:00,3.0,13985
ETH/USDT,LARGO,TP,2026-08-23 14:00:00+00:00,2026-08-24 12:00:00+00:00,22.0,13985
XRP/USDT,LARGO,SL,2026-08-24 14:00:00+00:00,2026-08-24 17:00:00+00:00,3.0,-15985
SOL/USDT,LARGO,TP,2026-08-23 14:00:00+00:00,2026-08-24 22:00:00+00:00,32.0,13985
XRP/USDT,LARGO,SL,2026-08-25 02:00:00+00:00,2026-08-25 07:00:00+00:00,5.0,-15985
DOGE/USDT,LARGO,SL,2026-08-25 06:00:00+00:00,2026-08-25 13:00:00+00:00,7.0,-15985
XRP/USDT,LARGO,TP,2026-08-26 14:00:00+00:00,2026-08-26 22:00:00+00:00,8.0,13985
SOL/USDT,LARGO,TP,2026-08-26 22:00:00+00:00,2026-08-27 08:00:00+00:00,10.0,13985
DOGE/USDT,LARGO,TP,2026-08-27 06:00:00+00:00,2026-08-27 08:00:00+00:00,2.0,13985
XRP/USDT,LARGO,TP,2026-08-27 10:00:00+00:00,2026-08-27 14:00:00+00:00,4.0,13985
ETH/USDT,LARGO,SL,2026-08-26 22:00:00+00:00,2026-08-28 16:00:00+00:00,42.0,-15985
XRP/USDT,CORTO,TP,2026-08-28 10:00:00+00:00,2026-08-28 16:00:00+00:00,6.0,14492
DOGE/USDT,CORTO,TP,2026-08-28 10:00:00+00:00,2026-08-28 16:00:00+00:00,6.0,14492
ETH/USDT,CORTO,SL,2026-08-28 18:00:00+00:00,2026-08-30 16:00:00+00:00,46.0,-15492
XRP/USDT,CORTO,SL,2026-08-30 10:00:00+00:00,2026-08-30 18:00:00+00:00,8.0,-15492
SOL/USDT,LARGO,SL,2026-08-29 18:00:00+00:00,2026-08-30 23:00:00+00:00,29.0,-15985
DOGE/USDT,CORTO,TP,2026-08-30 22:00:00+00:00,2026-08-30 23:00:00+00:00,1.0,14492
XRP/USDT,CORTO,SL,2026-08-31 02:00:00+00:00,2026-08-31 17:00:00+00:00,15.0,-15493
ETH/USDT,CORTO,SL,2026-08-31 02:00:00+00:00,2026-08-31 18:00:00+00:00,16.0,-15492
SOL/USDT,LARGO,TP,2026-08-31 02:00:00+00:00,2026-08-31 18:00:00+00:00,16.0,13985
ETH/USDT,LARGO,SL,2026-08-31 18:00:00+00:00,2026-09-01 18:00:00+00:00,24.0,-15985
SOL/USDT,LARGO,SL,2026-09-01 06:00:00+00:00,2026-09-01 18:00:00+00:00,12.0,-15985
XRP/USDT,CORTO,TP,2026-09-01 10:00:00+00:00,2026-09-02 01:00:00+00:00,15.0,14492
DOGE/USDT,LARGO,TP,2026-09-05 10:00:00+00:00,2026-09-05 16:00:00+00:00,6.0,13985
SOL/USDT,CORTO,SL,2026-09-04 14:00:00+00:00,2026-09-05 17:00:00+00:00,27.0,-15492
DOGE/USDT,LARGO,SL,2026-09-07 14:00:00+00:00,2026-09-09 19:00:00+00:00,53.0,-15985
SOL/USDT,LARGO,SL,2026-09-09 06:00:00+00:00,2026-09-09 22:00:00+00:00,16.0,-15985
XRP/USDT,LARGO,SL,2026-09-05 18:00:00+00:00,2026-09-10 09:00:00+00:00,111.0,-15985
ETH/USDT,LARGO,SL,2026-09-03 14:00:00+00:00,2026-09-10 12:00:00+00:00,166.0,-15985
